Source_Name,Xray_Index,FX,FG,PL_Index,PLEC_SigCurv,Variability_Index,finalV,Class
4FGL J0004.4-4737,1.85,4.751E-13,6.5130097E-12,2.4149895,2.1042888,123.41303,20.0,bzr
4FGL J0005.9+3824,1.682,2.536E-12,8.3591545E-12,2.6667964,2.5216346,23.272005,19.1,bzr
4FGL J0008.4-2339,2.547,5.082E-12,2.6925014E-12,1.6839513,2.2756336,10.584781,18.9,bzr
4FGL J0009.1+0628,1.511,6.798E-13,5.1309937E-12,2.1171386,1.0305651,11.290438,19.14,bzr
4FGL J0009.7-3217,2.67,5.744E-13,2.0985076E-12,2.1981528,0.9076175,16.073004,14.65,bzr
4FGL J0013.9-1854,2.055,1.5E-11,3.1480432E-12,1.9660697,1.6932993,2.6081078,17.415,bzr
4FGL J0014.1-5022,2.081,8.213E-12,2.8836386E-12,1.9924736,1.8276205,1.6824188,19.5,bzr
4FGL J0017.5-0514,1.919,2.146E-12,1.2202161E-11,2.5345943,2.6739016,224.79675,19.41,bzr
4FGL J0018.4+2946,2.271,8.033E-12,3.4871455E-12,1.7145041,2.0306904,5.4117527,20.4,bzr
4FGL J0019.3-8152,2.694,5.109E-13,5.914436E-12,2.1021957,1.3757367,14.4204,17.91,bzr
4FGL J0019.6+2022,1.884,3.032E-13,3.1332927E-12,2.152031,1.6236689,11.28768,21.6,bzr
4FGL J0022.1-1854,2.55,6.185E-13,9.4906565E-12,1.9354254,2.8053083,3.0645726,17.97,bzr
4FGL J0021.9-5140,2.795,1.168E-12,6.9044575E-12,2.042762,1.331635,18.849268,19.069,bzr
4FGL J0022.5+0608,2.282,3.893E-13,2.1512599E-11,2.1697786,2.2348447,48.994625,19.697,bzr
4FGL J0026.6-4600,2.539,3.895E-12,2.42879E-12,1.9649565,0.3737073,12.271511,18.8,bzr
4FGL J0030.3-4224,1.474,2.32E-12,1.6141649E-11,2.520737,1.9214816,71.910126,20.0,bzr
4FGL J0031.3+0726,3.078,6.94E-13,2.2742073E-12,1.9919337,0.40364605,13.281998,20.356,bzr
4FGL J0033.5-1921,2.418,9.278E-12,3.1802717E-11,1.7667189,5.1461773,27.173615,17.3,bzr
4FGL J0035.2+1514,2.869,1.627E-12,1.323888E-11,1.8417218,2.6559823,26.144093,17.97,bzr
4FGL J0037.8+1239,2.105,2.032E-12,8.176968E-12,2.1874437,0.41344592,53.488197,17.22,bzr
4FGL J0038.2-2459,1.463,4.794E-12,3.4234195E-12,2.363812,2.6285574,64.82243,18.452,bzr
4FGL J0039.1-2219,1.942,4.94E-12,2.6567249E-12,1.8083013,0.6173216,6.3340545,16.954,bzr
4FGL J0040.3+4050,1.754,1.317E-11,2.4479032E-12,1.9973712,1.6402571,16.018068,20.3,bzr
4FGL J0043.7-1116,2.486,2.032E-12,2.7814602E-12,1.9280754,1.9471327,11.312284,19.418,bzr
4FGL J0045.3+2128,2.592,7.449E-12,1.9053701E-11,1.7999823,3.6360316,144.95067,18.01,bzr
4FGL J0045.7+1217,2.326,3.134E-12,1.0574051E-11,1.9976659,1.2179638,30.498245,18.896,bzr
4FGL J0049.7+0237,1.813,5.617E-13,1.2530758E-11,2.2396014,2.330414,66.94254,20.14,bzr
4FGL J0050.0-5736,1.599,1.727E-12,5.531269E-12,2.6033657,0.42778155,19.660662,19.5,bzr
4FGL J0050.7-0929,2.271,9.984E-12,3.4208143E-11,2.0404043,5.439466,134.48454,17.22,bzr
4FGL J0051.1-0648,1.73,8.179E-13,9.209037E-12,2.334328,3.7511578,145.84059,20.5,bzr
4FGL J0051.2-6242,2.705,4.314E-12,1.6270926E-11,1.7114966,5.5682726,29.625206,18.38,bzr
4FGL J0054.7-2455,2.544,2.942E-12,9.230743E-12,1.7468208,3.3189905,11.190836,18.959,bzr
4FGL J0056.3-0935,2.295,4.404E-12,7.9879905E-12,1.8709282,0.45110306,18.438265,18.24,bzr
4FGL J0058.0-3233,1.162,5.121E-13,1.2366161E-11,2.1069655,4.694714,61.182144,18.6,bzr
4FGL J0059.3-0152,2.119,7.368E-12,2.564124E-12,1.7836272,1.5634185,6.1054378,18.203,bzr
4FGL J0108.6+0134,1.464,2.187E-12,1.1552579E-10,2.353279,12.824068,4121.475,19.39,bzr
4FGL J0110.7-1254,2.146,6.529E-12,2.4563418E-12,1.9825666,0.3320112,6.7349987,18.9,bzr
4FGL J0111.4+0534,1.879,3.977E-12,1.6266978E-12,1.9516995,0.79563165,9.341591,20.9,bzr
4FGL J0112.1+2245,2.421,5.402E-12,7.514683E-11,2.0710754,6.728723,313.15143,16.66,bzr
4FGL J0112.8+3208,1.616,5.529E-12,3.0052263E-11,2.3686182,3.8856635,889.49274,19.0,bzr
4FGL J0113.4+4948,1.496,2.93E-12,1.2019121E-11,2.2328646,2.2698998,37.58825,19.4,bzr
4FGL J0114.8+1326,2.658,5.735E-13,1.2782857E-11,2.0668852,1.5397537,40.42912,17.86,bzr
4FGL J0115.8+2519,2.379,6.279E-12,1.22758175E-11,1.9745302,0.64363843,42.226692,19.52,bzr
4FGL J0116.0-1136,1.666,3.597E-12,1.2690304E-11,2.3908017,1.5530686,259.4283,19.5,bzr
4FGL J0116.0-2745,2.324,4.044E-12,1.6408E-12,1.7768272,1.3488017,9.572112,20.347,bzr
4FGL J0118.9-2141,1.641,7.942E-13,3.1511464E-11,2.269433,6.656725,169.98923,20.0,bzr
4FGL J0119.0-1458,2.465,4.219E-12,3.2963322E-12,1.7987903,1.7908801,6.4311295,19.684,bzr
4FGL J0120.4-2701,2.207,1.921E-12,3.558482E-11,1.9018556,4.4048653,26.235111,16.56,bzr
4FGL J0123.1+3421,1.9,3.425E-11,3.2378562E-12,1.7042593,0.9927456,11.396765,16.2,bzr
4FGL J0123.7-2311,2.02,1.408E-11,6.4836617E-12,1.8529655,0.6988524,20.807144,20.0,bzr
4FGL J0132.7-0804,2.443,6.39E-12,2.8911973E-12,1.8205769,1.8589122,1.2284389,17.5,bzr
4FGL J0132.7-1654,1.466,2.083E-12,2.1726981E-11,2.397992,3.3925781,176.92715,19.44,bzr
4FGL J0133.1-5201,1.382,2.54E-12,9.922889E-12,2.5423996,2.7079394,357.71365,21.3,bzr
4FGL J0134.5+2637,2.756,2.199E-12,9.431734E-12,1.9554049,1.6334063,11.420004,18.126,bzr
4FGL J0136.5+3906,2.362,3.164E-11,5.328279E-11,1.7116307,7.299998,51.08218,16.8,bzr
4FGL J0137.0+4751,1.447,3.122E-12,4.453856E-11,2.2902436,7.962286,748.46906,19.0,bzr
4FGL J0137.6-2430,1.674,3.316E-12,1.644484E-11,2.5145247,3.960187,155.12012,18.33,bzr
4FGL J0141.4-0928,1.835,2.421E-12,2.0858584E-11,2.1664367,1.2956394,48.198112,17.55,bzr
4FGL J0145.0-2732,1.674,1.915E-12,1.2072657E-11,2.5887558,2.9982505,651.5271,20.0,bzr
4FGL J0146.9-5202,2.713,6.626E-13,3.4248077E-12,2.075545,1.7515221,5.7199545,17.121,bzr
4FGL J0152.2+2206,1.856,7.442E-13,7.350963E-12,2.7094116,2.1238675,36.98642,19.0,bzr
4FGL J0152.6+0147,2.465,7.547E-12,1.0013386E-11,1.9550902,0.5241797,15.229206,16.12,bzr
4FGL J0153.9+0823,2.614,3.966E-12,1.566728E-11,1.9383603,4.404437,35.6174,17.46,bzr
4FGL J0156.5+3914,1.67,1.325E-12,7.1480864E-12,2.4185915,0.47337264,57.493126,19.886,bzr
4FGL J0156.9-5301,1.714,2.662E-11,6.797727E-12,1.738746,2.2017078,43.41682,19.46,bzr
4FGL J0158.5-3932,2.255,1.606E-12,8.431256E-12,2.0406055,1.8994609,40.753826,18.58,bzr
4FGL J0159.5+1046,2.578,2.925E-12,9.58693E-12,2.0457382,1.5121117,19.94543,18.8,bzr
4FGL J0159.7-2740,2.729,4.678E-13,4.8524878E-12,2.0574632,1.6146283,9.156909,18.43,bzr
4FGL J0202.4+0849,2.369,1.186E-12,2.0972518E-12,1.8276981,1.9440992,13.444213,20.0,bzr
4FGL J0204.3+2417,2.91,1.895E-13,1.7038183E-12,1.9130174,1.6615722,13.894061,18.086,bzr
4FGL J0205.2+3212,1.529,1.246E-12,1.3030144E-11,2.6696563,2.39773,251.07224,19.0,bzr
4FGL J0204.8+1513,1.312,8.945E-13,7.0206367E-12,2.3740838,3.425078,39.41125,23.1,bzr
4FGL J0205.0-1700,1.406,4.994E-12,1.2279626E-11,2.6981883,3.357264,136.06595,19.0,bzr
4FGL J0208.6+3523,2.498,1.155E-12,2.9973365E-12,1.8795128,1.2531743,5.395403,20.24,bzr
4FGL J0209.3-5228,2.373,9.262E-12,1.8761543E-11,1.8494272,2.0657525,48.726837,17.69,bzr
4FGL J0210.7-5101,1.608,3.352E-12,4.7404462E-11,2.3535507,8.669705,712.16486,17.93,bzr
4FGL J0211.2+1051,2.288,6.859E-12,5.1821818E-11,2.1305497,4.1785254,292.191,14.4,bzr
4FGL J0212.9+2244,2.129,3.44E-13,5.8138156E-12,2.0507858,2.362993,19.31018,18.47,bzr
4FGL J0217.0-0821,1.73,1.337E-12,4.479129E-12,2.3313143,1.866933,5.5870767,21.23,bzr
4FGL J0217.2+0837,1.809,2.44E-12,1.7263885E-11,2.2260902,2.5188851,32.155457,18.9,bzr
4FGL J0217.4+7352,1.254,8.944E-12,1.2927662E-11,2.9677424,1.9793018,18.282362,20.0,bzr
4FGL J0217.8+0144,2.747,3.852E-11,3.158486E-11,2.2155216,4.949539,411.60062,17.09,bzr
4FGL J0222.0-1616,1.42,1.056E-12,5.8459296E-12,2.5262475,0.48696408,34.00284,16.0,bzr
4FGL J0222.6+4302,2.29,4.74E-12,1.5777271E-10,1.9616839,5.2962413,976.1077,16.21,bzr
4FGL J0223.1-1117,2.562,1.292E-12,3.4042376E-12,1.864341,2.3348153,13.461879,19.531,bzr
4FGL J0227.3+0201,2.023,6.123E-12,6.711316E-12,1.9805499,1.039064,6.289688,19.8,bzr
4FGL J0228.3-5547,1.815,2.453E-13,2.6240208E-11,2.283893,7.351285,812.0466,20.0,bzr
4FGL J0229.5-3644,1.341,1.614E-12,1.3141155E-11,2.591401,3.571875,196.21027,20.0,bzr
4FGL J0232.8+2018,1.803,2.022E-11,3.5272388E-12,1.7754167,0.04219059,4.358243,19.0,bzr
4FGL J0236.8-6136,1.524,5.431E-12,1.2593344E-11,2.3356273,2.3388474,687.3759,19.5,bzr
4FGL J0237.6-3602,2.572,4.077E-12,3.5803803E-12,1.8386229,0.8139044,25.238058,18.63,bzr
4FGL J0237.8+2848,1.558,3.254E-12,8.950206E-11,2.3752635,9.494372,3219.9934,19.5,bzr
4FGL J0238.1-3905,2.316,1.913E-12,3.5389404E-12,1.969693,2.1080348,17.860594,18.688,bzr
4FGL J0238.4-3116,2.507,1.847E-11,1.2137506E-11,1.8017367,1.0691673,33.44027,17.46,bzr
4FGL J0238.6+1637,1.7,4.507E-12,1.0566561E-10,2.1642318,11.068332,4953.5522,16.5,bzr
4FGL J0244.6-5819,1.867,7.144E-11,6.7020348E-12,1.7677698,1.813402,35.06129,18.9,bzr
4FGL J0245.9-4650,1.578,2.466E-12,3.7494115E-11,2.4186478,7.014486,859.6747,19.5,bzr
4FGL J0250.6+1712,2.196,5.265E-12,5.317995E-12,1.7928963,1.1421564,17.46281,18.5,bzr
4FGL J0253.2-5441,1.657,3.083E-12,4.2310335E-12,2.4857152,1.3158492,19.572989,20.3,bzr
4FGL J0303.4-2407,2.431,1.104E-11,6.0324246E-11,1.8994071,3.2024918,253.94855,17.18,bzr
4FGL J0303.6-6211,1.508,1.307E-12,1.1248178E-11,2.445192,1.8123773,121.67606,19.879,bzr
4FGL J0304.4-2833,2.054,8.82E-12,1.9761627E-12,1.6860999,2.6261768,5.7280746,20.54,bzr
4FGL J0309.0+1029,1.764,2.369E-12,1.8551393E-11,2.3696644,3.0061276,458.26498,19.472,bzr
4FGL J0309.9-6058,1.558,7.956E-13,2.7768345E-11,2.4397864,6.40627,640.4377,19.5,bzr
4FGL J0310.9+3815,1.36,2.606E-12,5.582223E-12,2.3956718,2.2029943,12.873715,20.7,bzr
4FGL J0315.9-1033,1.738,3.029E-13,8.331095E-12,2.4489496,1.95229,109.465034,19.5,bzr
4FGL J0316.2-2608,2.777,4.96E-12,5.395814E-12,1.8265747,3.5939014,9.729288,18.5,bzr
4FGL J0319.8+1845,2.153,1.283E-11,6.514402E-12,1.6678053,1.158402,32.3293,19.12,bzr
4FGL J0322.0+2335,2.459,5.017E-12,1.4789774E-11,2.0172665,1.2604536,6.3122654,17.8,bzr
4FGL J0323.7-0111,3.083,3.049E-13,8.69269E-12,1.8812225,2.8272228,11.070201,17.96,bzr
4FGL J0325.5-5635,2.408,4.379E-12,5.0751066E-12,1.9450887,0.43472403,24.902431,16.89,bzr
4FGL J0325.7+2225,1.097,2.864E-12,2.0599458E-11,2.6648338,4.8395576,199.81392,19.9,bzr
4FGL J0325.6-1646,2.889,1.502E-12,1.2856884E-11,1.8375782,2.5814798,28.36633,17.7,bzr
4FGL J0326.2+0225,2.406,1.936E-12,8.369541E-12,1.915807,1.0664235,16.574123,17.55,bzr
4FGL J0334.2-3725,2.239,5.086E-12,2.6087936E-11,2.03401,3.7661238,95.49938,17.56,bzr
4FGL J0334.2-4008,1.816,8.092E-12,3.4929046E-11,2.1803901,5.5592947,293.52582,18.87,bzr
4FGL J0336.4+3224,1.451,1.602E-11,1.2927837E-11,2.8364217,6.02001,21.003176,18.5,bzr
4FGL J0338.5+1302,2.221,2.839E-12,1.4677181E-11,1.8068731,4.959789,41.902657,19.782,bzr
4FGL J0339.2-1736,2.483,2.198E-12,6.979281E-12,1.9635807,1.1232982,14.503867,16.73,bzr
4FGL J0339.5-0146,1.576,2.287E-12,5.8375006E-11,2.3426852,6.007936,1188.2185,19.41,bzr
4FGL J0348.5-2749,1.803,2.745E-12,8.718255E-12,2.4443772,1.6059589,105.44493,19.63,bzr
4FGL J0348.6-1609,1.474,1.737E-12,7.9443145E-12,2.3940518,1.0082825,29.23014,18.586,bzr
4FGL J0349.4-1159,1.995,3.778E-11,3.8754017E-12,1.7618284,0.65393096,10.002603,19.2,bzr
4FGL J0349.8-2103,1.604,5.077E-13,1.5213546E-11,2.4943128,5.5508432,322.31042,22.1,bzr
4FGL J0352.9-3623,2.654,4.276E-12,2.1546686E-12,1.6213902,2.5590968,8.878513,19.398,bzr
4FGL J0353.0-6831,1.913,3.014E-11,3.4525577E-12,1.6322502,0.9322908,5.0011516,18.0,bzr
4FGL J0402.1-3147,1.584,5.822E-13,3.5686783E-12,2.4794097,0.15645413,15.1883135,20.724,bzr
4FGL J0402.0-2616,1.886,1.935E-13,4.9953765E-12,2.1652582,2.058847,10.790478,19.68,bzr
4FGL J0403.9-3605,1.571,9.419E-12,9.062625E-11,2.510825,13.622364,3873.5378,18.17,bzr
4FGL J0405.6-1308,1.348,5.553E-12,9.056902E-12,2.5449,0.78494155,78.50482,18.09,bzr
4FGL J0407.0-3826,1.475,1.155E-12,2.3357358E-11,2.3614514,5.541127,327.06995,19.0,bzr
4FGL J0407.5+0741,1.014,9.279E-13,9.242746E-12,2.2863708,1.1864115,33.561485,18.59,bzr
4FGL J0416.5-1852,1.402,5.873E-13,1.0048798E-11,2.3908505,1.2067173,128.5703,19.0,bzr
4FGL J0416.9+0105,2.373,2.17E-11,8.324766E-12,1.8892323,0.40971932,9.755489,17.38,bzr
4FGL J0422.1-0644,2.099,1.026E-12,1.634549E-11,2.452395,1.9283218,343.9739,18.999,bzr
4FGL J0423.3-0120,1.651,4.259E-12,4.170859E-11,2.3305657,5.3682327,973.26263,18.0,bzr
4FGL J0424.7+0036,1.837,1.332E-12,1.9591353E-11,2.183871,1.6389098,39.70895,17.98,bzr
4FGL J0424.9-5331,2.478,1.124E-12,9.719711E-12,2.2547028,3.1148713,54.48037,18.098,bzr
4FGL J0428.6-3756,1.778,2.448E-12,2.138448E-10,2.099066,13.222481,2683.0527,20.0,bzr
4FGL J0433.6+2905,2.27,2.961E-13,2.9497554E-11,2.0938883,4.002964,138.4269,18.8,bzr
4FGL J0433.6-6030,1.307,1.16E-12,1.2204981E-11,2.4422383,3.3317792,127.40094,19.0,bzr
4FGL J0438.9-4521,1.68,1.09E-12,8.5524955E-12,2.4013054,2.8167655,25.479822,21.6,bzr
4FGL J0440.8+2749,3.306,5.886E-13,8.949967E-12,2.0813515,2.0289848,9.667963,18.798,bzr
4FGL J0442.6-0017,1.575,2.678E-12,4.7925885E-11,2.436897,5.246267,694.9785,20.22,bzr
4FGL J0448.6-1632,2.279,1.393E-11,9.031048E-12,1.9119223,2.234878,17.143627,18.59,bzr
4FGL J0449.1+1121,1.589,7.675E-13,3.3069904E-11,2.5051372,5.666127,149.29697,21.0,bzr
4FGL J0449.4-4350,2.654,3.869E-11,1.0391273E-10,1.8452494,5.573253,55.202255,16.24,bzr
4FGL J0453.1-2806,1.597,4.596E-12,2.3173454E-11,2.647905,4.56956,246.35403,19.2,bzr
4FGL J0455.7-4617,1.476,3.147E-12,1.6022558E-11,2.5347836,2.1179438,145.94693,18.4,bzr
4FGL J0457.0+0646,1.9,1.301E-12,5.60871E-12,2.5299954,0.9370923,58.949448,19.804,bzr
4FGL J0501.2-0158,1.546,2.513E-12,4.42137E-11,2.3971555,6.5092783,706.236,19.4,bzr
4FGL J0505.3+0459,1.622,4.832E-12,6.949591E-11,2.3461006,9.280321,2860.4143,20.0,bzr
4FGL J0505.6+0415,2.52,1.997E-12,6.4225942E-12,1.9091542,1.7449644,9.266216,18.56,bzr
4FGL J0507.9+6737,2.252,4.496E-11,2.583343E-11,1.5784763,2.9434128,39.183895,18.0,bzr
4FGL J0509.4+0542,2.133,2.631E-12,5.7225894E-11,2.0751286,4.017541,245.9099,15.78,bzr
4FGL J0509.6-0402,1.794,1.463E-11,3.2534164E-12,2.0187516,0.07853093,10.26006,20.0,bzr
4FGL J0510.0+1800,1.56,4.323E-12,3.679987E-11,2.180637,5.5826426,1685.59,20.0,bzr
4FGL J0515.6-4556,1.584,3.978E-12,9.216952E-12,2.5112545,0.9038993,124.49121,18.5,bzr
4FGL J0516.4+7350,2.278,1.634E-12,4.511215E-12,1.8802485,1.1093593,4.18376,19.082,bzr
4FGL J0516.7-6207,1.747,1.068E-12,2.3266784E-11,2.1619802,3.280782,144.00443,18.85,bzr
4FGL J0522.9-3628,1.569,2.804E-11,5.810073E-11,2.4521353,3.399255,621.59393,15.62,bzr
4FGL J0525.4-4600,1.491,1.54E-12,3.3368798E-12,2.3547285,1.6768105,6.2480597,18.3,bzr
4FGL J0526.2-4830,1.728,8.313E-13,2.1040905E-11,2.3211405,3.9490726,145.58803,21.0,bzr
4FGL J0529.1+0935,2.166,5.943E-12,4.0298242E-12,1.9832587,0.50667804,12.531307,18.896,bzr
4FGL J0530.9+1332,1.516,3.369E-12,2.5774974E-11,2.575748,6.185056,402.35965,21.0,bzr
4FGL J0532.6+0732,1.453,2.433E-12,5.915578E-11,2.3496516,6.8199763,556.03955,19.62,bzr
4FGL J0537.7-5717,2.275,1.267E-12,4.2905787E-12,2.032491,2.4057317,12.805707,18.34,bzr
4FGL J0538.2-3910,1.967,4.881E-12,2.245561E-12,1.9137399,0.8164809,30.492085,19.919,bzr
4FGL J0538.8-4405,1.626,8.455E-12,1.9930405E-10,2.1060438,10.528083,6703.2,17.48,bzr
4FGL J0539.9-2839,1.207,4.112E-12,1.6259282E-11,2.7313766,3.0410235,80.647064,21.0,bzr
4FGL J0540.8-5415,1.377,2.26E-12,6.8795026E-12,2.6342516,0.43384388,95.62021,19.173,bzr
4FGL J0543.9-5531,2.216,2.037E-11,1.7505605E-11,1.7520483,3.227725,32.985218,18.09,bzr
4FGL J0550.5-3216,1.809,7.537E-11,3.539139E-12,1.8867774,0.53521985,5.983493,16.5,bzr
4FGL J0558.0-3837,2.261,1.906E-11,7.220469E-12,1.8796622,1.9595553,15.017681,18.1,bzr
4FGL J0600.6-3939,1.463,6.169E-12,6.2321554E-12,2.8582213,2.2370553,5.6609793,19.6,bzr
4FGL J0602.0+5315,2.582,5.463E-12,8.928502E-12,1.9360819,2.3859432,52.426285,16.553,bzr
4FGL J0607.4+4739,2.029,8.976E-13,2.537369E-11,2.0381496,5.1932034,46.30267,17.508,bzr
4FGL J0608.0-0835,1.598,2.866E-12,2.2212121E-11,2.4354343,2.7360504,277.31244,19.5,bzr
4FGL J0612.8+4122,1.52,9.538E-13,4.171102E-11,1.9912364,8.176798,64.14251,17.735,bzr
4FGL J0617.2+5701,1.851,6.195E-13,1.2058957E-11,2.0799026,1.8071359,17.094925,18.5,bzr
4FGL J0622.3-2605,2.235,2.143E-11,2.1360063E-11,1.9353452,2.0494828,104.73825,18.787,bzr
4FGL J0625.3+4439,2.14,2.678E-12,8.438976E-12,2.1118112,2.1530669,22.306934,17.8,bzr
4FGL J0629.3-1959,1.632,1.214E-12,2.1815154E-11,2.2039719,3.5755503,334.01828,19.6,bzr
4FGL J0630.9-2406,2.873,1.692E-12,4.176099E-11,1.8235176,6.547823,38.608143,17.04,bzr
4FGL J0634.9-2335,1.416,4.619E-13,7.0521384E-12,2.6013162,1.2310245,25.396297,22.435,bzr
4FGL J0635.6-7518,1.577,8.077E-12,1.30605474E-11,2.674393,0.14644177,450.23087,16.75,bzr
4FGL J0638.6+7320,1.28,1.446E-12,5.6137118E-12,2.9440706,0.482796,46.111897,18.3,bzr
4FGL J0648.0-3045,1.46,2.577E-12,1.3859225E-11,2.4769857,3.4195945,416.14816,21.4,bzr
4FGL J0650.7+2503,2.264,4.318E-11,3.8441035E-11,1.736518,3.0607536,117.4256,16.79,bzr
4FGL J0654.4+4514,1.838,9.693E-13,1.7467004E-11,2.264891,2.6259851,637.88434,22.0,bzr
4FGL J0700.5-6610,2.313,8.517E-13,4.311782E-11,2.0760942,5.925368,243.3344,16.89,bzr
4FGL J0701.5-4634,1.444,1.449E-12,1.4840384E-11,2.4570737,4.8189464,368.72525,20.5,bzr
4FGL J0710.4+5908,1.884,4.078E-11,6.9481773E-12,1.6799984,1.8724811,26.547169,17.52,bzr
4FGL J0710.9+4733,1.573,1.475E-12,5.0628555E-12,2.611053,3.1095915,65.29288,19.2,bzr
4FGL J0712.7+5033,1.428,7.546E-13,1.2455446E-11,2.169033,0.9018667,106.90593,19.428,bzr
4FGL J0718.6-4319,2.916,1.868E-13,2.0601318E-11,1.9225724,4.939096,10.897897,18.07,bzr
4FGL J0719.3+3307,1.71,9.319E-13,3.7559355E-11,2.1941478,7.915631,795.3212,18.05,bzr
4FGL J0721.9+7120,2.046,1.829E-11,2.1756207E-10,2.064145,9.431547,1554.6818,15.17,bzr
4FGL J0725.2+1425,1.582,1.076E-12,4.84133E-11,2.2680693,5.9839125,1968.8828,19.197,bzr
4FGL J0730.4+3308,2.251,2.528E-12,4.021778E-12,1.9462756,1.4417474,4.6173987,18.38,bzr
4FGL J0730.7-6602,2.45,3.361E-12,4.991255E-12,1.7983481,0.6136052,6.0542316,18.053,bzr
4FGL J0732.7-4638,1.658,3.017E-12,8.280315E-12,2.7491488,4.1609955,58.218662,20.816,bzr
4FGL J0733.4+5152,1.88,1.978E-11,2.9497969E-12,1.8014475,0.85553145,14.966967,16.846,bzr
4FGL J0734.0+5021,1.689,1.062E-12,5.046801E-12,2.485143,0.910837,49.267944,20.3,bzr
4FGL J0738.1+1742,1.655,1.189E-12,5.7670622E-11,2.0334105,5.8694706,147.01244,17.22,bzr
4FGL J0739.2+0137,1.589,6.878E-12,6.116855E-11,2.4068162,6.872926,1983.5902,17.47,bzr
4FGL J0744.1+7434,2.532,8.65E-12,5.0794486E-12,1.8622038,0.16476777,11.636739,17.89,bzr
4FGL J0746.4+2546,1.155,5.617E-12,6.519497E-12,2.8301084,1.9705669,72.80341,20.69,bzr
4FGL J0746.6-4754,2.888,1.57E-12,1.0469278E-11,2.0216553,2.0796864,30.741474,18.583,bzr
4FGL J0747.5+0905,2.296,5.205E-12,3.28302E-12,2.08629,0.99391645,3.4803069,19.68,bzr
4FGL J0748.6+2400,1.57,3.593E-12,8.083449E-12,2.28182,1.9570638,124.41287,19.89,bzr
4FGL J0750.8+1229,1.636,4.052E-12,1.0174367E-11,2.503285,1.3882552,132.22714,18.28,bzr
4FGL J0753.0+5353,1.907,9.393E-13,1.32063345E-11,2.1716137,2.79439,10.816558,18.84,bzr
4FGL J0754.7+4823,1.709,1.133E-12,1.3175802E-11,2.0966415,3.690472,65.81333,18.55,bzr
4FGL J0757.1+0956,1.575,5.916E-12,1.9944595E-11,2.1739728,1.1288962,15.12257,16.0,bzr
4FGL J0758.9+2703,2.549,3.334E-13,5.659193E-12,2.126242,1.4542946,10.527257,19.3,bzr
4FGL J0805.4+7534,2.082,2.345E-11,1.4395656E-11,1.8862231,1.2910197,12.798224,15.4,bzr
4FGL J0807.1-0541,2.358,6.381E-13,1.6911608E-11,2.177097,2.680552,104.50944,20.5,bzr
4FGL J0808.5+4950,1.727,1.84E-12,5.1643126E-12,2.8055007,2.2447462,13.600325,20.18,bzr
4FGL J0808.2-0751,1.579,1.811E-12,7.066514E-11,2.1953552,8.8328085,1113.7057,20.5,bzr
4FGL J0809.3+4053,1.703,1.005E-12,3.389095E-12,2.6934264,1.2192013,34.498844,20.41,bzr
4FGL J0809.6+3455,1.945,4.466E-12,3.3799788E-12,1.8461267,0.0,8.330201,18.42,bzr
4FGL J0809.8+5218,2.528,1.741E-11,4.4462746E-11,1.8839667,3.519753,290.40283,16.59,bzr
4FGL J0811.0-7529,2.444,6.508E-13,2.4152642E-11,1.9331819,4.279269,20.533073,18.48,bzr
4FGL J0811.4+0146,1.594,6.336E-13,3.4331826E-11,2.1054082,4.5169826,454.84143,18.2,bzr
4FGL J0812.9+5555,2.799,6.933E-13,2.0819073E-12,2.1471515,0.84189147,14.097039,19.61,bzr
4FGL J0814.2-1013,2.319,1.31E-12,1.1760445E-11,2.0818284,1.5174826,24.327198,18.03,bzr
4FGL J0814.6+6430,1.398,8.222E-13,1.9677248E-11,2.2440727,1.8003237,82.797775,18.02,bzr
4FGL J0816.4-1311,2.503,2.14E-11,2.0598785E-11,1.8271571,3.3634906,68.62523,18.0,bzr
4FGL J0816.3+5739,2.243,4.468E-13,1.4077102E-11,2.0870137,2.5269165,29.141325,18.37,bzr
4FGL J0818.2+4222,1.519,8.509E-13,5.237609E-11,2.1166067,8.497128,222.75304,19.18,bzr
4FGL J0823.1+4042,1.685,1.13E-12,3.9742753E-12,2.4002404,0.03357527,54.355267,20.2,bzr
4FGL J0824.9+3915,1.39,1.183E-12,9.015412E-12,2.4488854,1.7232282,27.830273,19.21,bzr
4FGL J0824.7+5552,1.335,1.572E-12,9.16395E-12,2.613242,1.3792328,97.777534,19.19,bzr
4FGL J0825.8+0309,1.742,2.297E-12,8.069351E-12,2.2182126,1.0976913,3.0728285,18.23,bzr
4FGL J0827.8+5221,1.717,3.261E-12,1.7000072E-12,2.3293302,0.120514035,7.735102,20.65,bzr
4FGL J0830.8+2410,1.551,5.42E-12,2.2538204E-11,2.521265,5.521273,1450.3243,18.26,bzr
4FGL J0831.8+0429,1.476,3.403E-12,3.2372494E-11,2.2789001,5.1299167,377.63525,17.4,bzr
4FGL J0832.4+4912,1.421,1.258E-12,3.880613E-12,2.4458523,0.46759418,4.988036,20.63,bzr
4FGL J0833.9+4223,1.183,1.419E-12,6.5888644E-12,2.441358,1.3547304,14.606922,18.23,bzr
4FGL J0836.5-2026,1.314,2.078E-12,5.6692615E-12,2.8312662,4.1505494,11.443514,20.4,bzr
4FGL J0841.3+7053,1.278,3.341E-11,5.307007E-11,2.8048139,14.163157,3145.9482,17.5,bzr
4FGL J0844.2+5312,2.635,3.21E-13,8.186409E-12,2.055021,1.9240519,42.171906,19.48,bzr
4FGL J0847.9-0702,1.835,4.406E-13,4.6689033E-12,2.205494,0.03690777,8.391945,17.4,bzr
4FGL J0847.0-2336,2.09,6.283E-12,1.348485E-11,1.9416586,0.47832832,12.368837,16.236,bzr
4FGL J0847.2+1134,1.961,2.133E-11,5.032504E-12,1.7175494,1.3718207,8.465079,17.9,bzr
4FGL J0850.5+3455,2.876,4.417E-13,3.7628594E-12,2.0167723,0.7082612,16.410856,18.85,bzr
4FGL J0850.1-1212,1.674,1.325E-12,2.3292833E-11,2.2964468,4.2881913,626.64014,17.8,bzr
4FGL J0854.8+2006,1.809,8.219E-12,6.265024E-11,2.233183,4.768433,611.67096,16.43,bzr
4FGL J0856.6-1105,1.409,8.054E-13,2.2286355E-11,2.0649478,4.760228,24.25447,18.29,bzr
4FGL J0857.9-1949,1.758,1.957E-12,1.0005694E-11,2.4722352,1.1149889,74.78029,19.7,bzr
4FGL J0903.1+4652,1.486,8.569E-13,5.6820547E-12,2.393662,0.0023645347,8.184795,20.44,bzr
4FGL J0905.6+1358,3.539,8.648E-13,9.816834E-12,1.7793139,3.897795,24.204409,17.82,bzr
4FGL J0908.9+2311,2.467,9.727E-13,6.2064355E-12,1.8465978,1.5952518,14.163194,18.03,bzr
4FGL J0909.1+0121,1.508,3.457E-12,3.2384057E-11,2.4624112,4.9874325,669.3005,18.29,bzr
4FGL J0910.6+3329,2.758,1.192E-12,1.6331738E-11,1.956401,2.3736892,20.107452,16.71,bzr
4FGL J0912.5+1556,1.888,4.013E-12,2.6996782E-12,1.7910595,1.2797121,8.711117,14.42,bzr
4FGL J0912.9-2102,2.301,1.537E-11,1.1050862E-11,1.8570323,0.87706333,10.229801,18.3,bzr
4FGL J0915.9+2933,2.477,5.163E-12,2.0929404E-11,1.8866079,4.816209,13.107159,17.39,bzr
4FGL J0920.9+4441,1.514,3.807E-12,3.6110618E-11,2.3522234,8.3794775,1360.2372,19.16,bzr
4FGL J0921.6+6216,1.387,1.583E-12,1.4713689E-11,2.486051,4.290626,63.872555,20.26,bzr
4FGL J0928.1-2035,1.531,7.393E-12,6.5673825E-12,2.548427,2.0690327,90.47204,17.4,bzr
4FGL J0929.3+5014,1.819,2.452E-12,1.1619234E-11,2.0996976,1.9161466,42.490555,17.8,bzr
4FGL J0930.5+4951,2.15,1.644E-11,2.141072E-12,1.785206,0.691164,12.340572,19.25,bzr
4FGL J0937.1+5008,1.405,3.666E-12,4.5767253E-12,2.422749,1.7777551,34.903492,19.94,bzr
4FGL J0946.2+0104,1.956,5.305E-12,2.5509408E-12,1.896138,1.3898298,5.320071,21.17,bzr
4FGL J0949.0+4038,1.661,1.375E-12,3.0938934E-12,2.551261,0.5658066,27.977541,19.02,bzr
4FGL J0953.0-0840,2.832,1.979E-12,2.7834403E-11,1.9052739,2.9192648,37.157227,17.69,bzr
4FGL J0954.2+4913,2.603,1.311E-12,2.4760636E-12,1.5883044,2.9727037,4.4575343,20.1,bzr
4FGL J0956.7+2516,1.609,2.295E-12,1.0856149E-11,2.5293107,2.874108,60.733826,18.21,bzr
4FGL J0958.0+4728,1.43,7.529E-13,5.462117E-12,2.6413,4.5267406,102.37501,19.62,bzr
4FGL J0957.6+5523,1.755,8.645E-13,9.297207E-11,2.0173788,9.958305,32.584698,18.89,bzr
4FGL J0958.7+6534,1.631,8.479E-12,3.548942E-11,2.209055,3.2370672,2012.7274,18.0,bzr
4FGL J1001.1+2911,1.678,1.916E-12,9.702363E-12,2.2254825,1.2432809,187.3002,19.34,bzr
4FGL J1002.5+2215,2.007,1.058E-11,2.6458332E-12,1.8344864,0.9615319,2.3621864,19.546,bzr
4FGL J1006.7-2159,1.671,1.147E-12,1.4412694E-11,2.441719,0.6515017,96.91277,17.89,bzr
4FGL J1008.0+0620,1.761,8.96E-13,1.344337E-11,2.1718655,2.0590234,35.730095,18.85,bzr
4FGL J1010.2-3119,2.225,1.414E-11,8.332173E-12,1.7540263,0.35615134,34.16293,17.828,bzr
4FGL J1010.8-0158,1.868,1.026E-12,4.6119202E-12,2.4513748,1.0817409,23.782255,19.63,bzr
4FGL J1012.3+0629,2.229,4.908E-13,9.8552815E-12,2.0898764,2.535833,14.808766,18.39,bzr
4FGL J1012.7+4228,2.396,3.847E-12,3.742842E-12,1.7636055,0.8580578,15.244551,19.43,bzr
4FGL J1015.0+4926,2.376,4.715E-11,9.351652E-11,1.8432412,4.658892,195.59734,17.15,bzr
4FGL J1018.4+3540,1.444,1.447E-12,6.695377E-12,2.5449657,2.3114455,121.73164,19.07,bzr
4FGL J1018.3-3124,1.584,1.228E-12,1.2287793E-11,2.6096559,3.9239311,122.50317,19.322,bzr
4FGL J1022.7-0112,2.008,1.581E-11,7.727793E-12,1.9410988,1.8309538,11.557768,18.63,bzr
4FGL J1023.1+3949,1.539,4.713E-13,1.8315363E-11,2.371862,4.4508667,1768.7809,18.5,bzr
4FGL J1023.8-4335,2.471,7.057E-12,1.2483449E-11,1.7790085,4.4743085,23.655731,17.27,bzr
4FGL J1027.0-8542,2.098,5.851E-13,1.1376428E-11,1.8589413,2.4403372,2.0257685,17.65,bzr
4FGL J1026.9-1749,2.833,2.673E-12,1.5108654E-11,1.924303,2.1244996,96.86501,17.6,bzr
4FGL J1031.1+7442,1.697,4.887E-12,6.3770976E-12,2.1650255,0.9517371,38.211624,18.2,bzr
4FGL J1031.3+5053,2.153,3.106E-11,1.1507776E-11,1.7564855,2.346535,10.011632,17.98,bzr
4FGL J1033.1+4115,1.522,1.102E-12,1.4117301E-11,2.4090989,1.821279,110.442635,20.64,bzr
4FGL J1033.9+6050,1.559,2.283E-12,4.1719322E-11,2.21698,7.7759333,807.7493,19.86,bzr
4FGL J1037.4-2933,1.742,2.974E-12,5.157574E-12,2.4814715,2.5355954,14.898179,17.46,bzr
4FGL J1037.7+5711,2.088,1.403E-11,3.2402712E-11,1.9072351,6.780539,130.8175,17.54,bzr
4FGL J1037.7-2822,1.708,9.212E-13,1.5258673E-11,2.3996673,2.289403,186.79572,20.05,bzr
4FGL J1040.5+0617,1.157,6.105E-13,1.8534674E-11,2.2667162,2.084104,122.442,17.8,bzr
4FGL J1043.2+2408,1.834,1.27E-12,1.04561455E-11,2.3196433,0.86453104,21.493366,18.32,bzr
4FGL J1044.6+8053,1.349,4.353E-12,1.028415E-11,2.807849,4.3137755,46.958256,17.5,bzr
4FGL J1046.8-2534,1.826,1.037E-11,2.390744E-12,1.7246473,1.6346809,7.732648,19.365,bzr
4FGL J1048.4+7143,1.562,2.242E-12,6.819615E-11,2.3229477,11.110719,3599.2395,20.0,bzr
4FGL J1051.4+3942,2.249,4.572E-12,2.571284E-12,1.7103784,1.8558092,15.471743,19.77,bzr
4FGL J1053.7+4930,2.603,1.773E-11,4.6974113E-12,1.9362813,0.3610767,15.421193,18.76,bzr
4FGL J1054.5+2211,1.76,5.278E-13,1.34697704E-11,2.1197658,1.3387983,29.810522,18.2,bzr
4FGL J1056.8+7012,1.307,7.83E-13,9.648521E-12,2.6878102,2.3671606,90.1159,19.5,bzr
4FGL J1058.5+8115,1.363,2.028E-12,6.298188E-12,2.485501,1.8502845,90.991615,21.0,bzr
4FGL J1058.4+0133,1.566,5.066E-12,6.61403E-11,2.2357457,4.904839,320.54315,19.28,bzr
4FGL J1058.6-8003,1.824,2.224E-12,1.9789394E-11,2.237562,6.0215535,369.10095,19.418,bzr
4FGL J1058.6+5627,2.687,7.81E-12,3.12913E-11,1.9434319,3.6903832,155.50533,17.31,bzr
4FGL J1059.2-1134,1.884,2.034E-12,3.2214197E-11,2.1375985,3.5835495,118.996475,18.5,bzr
4FGL J1100.3+4020,3.002,1.019E-12,4.5628666E-12,1.8086052,2.7209597,8.303826,18.27,bzr
4FGL J1103.0+1157,1.291,2.698E-12,1.7091462E-11,2.413999,2.4045076,426.18756,20.13,bzr
4FGL J1103.6-2329,2.063,7.618E-11,5.421576E-12,1.7300686,0.32511804,10.700344,17.55,bzr
4FGL J1104.4+0730,2.505,4.353E-13,7.0042357E-12,2.3391345,0.14501035,17.716402,18.32,bzr
4FGL J1106.0+2813,1.303,1.58E-12,8.8839144E-12,2.3226194,3.0738838,120.355545,19.75,bzr
4FGL J1107.0-4449,1.64,4.006E-12,1.3310667E-11,2.6573637,4.555155,97.70687,19.2,bzr
4FGL J1107.8+1501,3.078,1.105E-12,6.6461368E-12,1.9542226,2.8866706,7.7199492,19.2,bzr
4FGL J1110.2+7135,2.442,9.425E-13,3.227963E-12,1.8670294,1.68826,13.329016,19.0,bzr
4FGL J1117.0+2013,2.327,7.452E-12,1.6529236E-11,1.9521544,0.538906,76.51839,16.2,bzr
4FGL J1118.0+5356,3.499,7.438E-13,9.017218E-12,1.9171124,2.8650832,11.00468,18.73,bzr
4FGL J1120.8+4212,2.494,9.6E-12,1.6887873E-11,1.6296484,3.8409548,6.516373,18.11,bzr
4FGL J1121.4-0553,1.16,2.828E-12,2.2079111E-11,2.42005,5.7217665,295.9507,19.581,bzr
4FGL J1123.8+7230,2.055,3.966E-12,1.0709498E-12,1.6226041,1.5723306,2.659403,19.8,bzr
4FGL J1124.9+4934,2.107,3.406E-12,5.02318E-12,1.7583197,3.4705024,33.750587,19.64,bzr
4FGL J1125.9-0742,3.302,8.068E-13,2.6231127E-12,1.9776506,0.6568392,1.6968732,20.0,bzr
4FGL J1127.0-1857,2.196,2.443E-12,8.1697656E-11,2.1934097,7.929663,2645.2168,18.685,bzr
4FGL J1129.8-1447,1.458,7.853E-12,1.1685365E-11,2.7234852,2.1003883,510.0212,17.9,bzr
4FGL J1131.0+3815,1.924,5.546E-13,1.0950466E-11,2.550905,4.0069613,128.26056,19.8,bzr
4FGL J1131.4-0504,2.498,2.779E-13,2.8045357E-12,2.4798656,3.646291,24.361994,19.915,bzr
4FGL J1136.4+6736,1.82,3.377E-11,6.5180058E-12,1.7535312,0.9422728,23.503477,18.45,bzr
4FGL J1136.4+7009,2.519,3.148E-11,1.3753075E-11,1.7979894,1.4574736,20.38882,15.49,bzr
4FGL J1140.5+1528,2.283,4.175E-12,2.0636418E-12,1.6808212,0.99449515,4.889012,18.73,bzr
4FGL J1141.5-1408,1.996,2.964E-12,3.1608735E-12,2.0892365,0.5638799,20.943113,19.348,bzr
4FGL J1146.9+3958,1.623,1.934E-12,4.9631733E-11,2.365374,5.10634,1523.629,19.45,bzr
4FGL J1147.0-3812,1.62,1.905E-12,2.5232764E-11,2.2439308,2.365967,83.632515,17.2,bzr
4FGL J1147.8-0724,1.838,7.3E-13,9.932976E-12,2.3961923,2.834943,147.70407,19.5,bzr
4FGL J1151.5+5859,2.664,8.894E-13,7.9641935E-12,1.8491669,3.1046908,12.650633,17.09,bzr
4FGL J1153.4+4931,1.661,9.734E-12,1.8180464E-11,2.4078746,2.9320843,1085.3917,18.66,bzr
4FGL J1154.0-0010,2.169,3.203E-12,5.0322385E-12,1.7771455,2.0313478,13.611202,19.62,bzr
4FGL J1159.2-2227,1.441,1.877E-12,8.510134E-12,2.3577454,4.3471093,127.321815,20.5,bzr
4FGL J1159.5+2914,1.565,3.849E-12,7.8923576E-11,2.259214,7.5999417,1391.6344,15.41,bzr
4FGL J1203.1+6031,1.892,5.972E-13,7.749249E-12,2.0962625,2.3736157,12.673939,17.04,bzr
4FGL J1204.0+1146,2.051,6.73E-12,3.4864527E-12,1.9038551,1.8759227,9.280189,19.05,bzr
4FGL J1204.2-0709,2.953,9.82E-13,9.497769E-12,1.9332442,2.031439,29.588053,19.0,bzr
4FGL J1205.7-2635,1.261,3.806E-12,9.437838E-12,2.5174594,2.0104253,36.272434,20.5,bzr
4FGL J1213.3-2618,2.201,1.634E-11,3.4421058E-12,1.8168496,2.9699721,17.365183,20.0,bzr
4FGL J1217.9+3007,2.609,7.299E-12,8.84963E-11,1.948771,4.3983974,396.97858,16.62,bzr
4FGL J1218.0-0028,1.744,2.522E-12,6.0791623E-12,2.312284,1.1017601,16.104198,18.95,bzr
4FGL J1219.7-0313,3.136,8.061E-13,5.822902E-12,1.9673983,1.2850314,9.8693,18.95,bzr
4FGL J1220.1+7105,1.922,3.057E-13,2.186825E-11,2.3120093,7.072688,1037.4247,19.253,bzr
4FGL J1221.3+3010,2.072,4.404E-11,4.1219535E-11,1.7138954,2.3685362,44.28159,16.85,bzr
4FGL J1221.5+2814,2.281,3.82E-12,3.9642636E-11,2.1572232,1.9210443,243.31546,17.11,bzr
4FGL J1222.5+0414,1.283,5.294E-12,2.2678665E-11,2.7781165,2.8928497,87.813446,18.98,bzr
4FGL J1224.4+2436,2.398,2.132E-11,1.6059744E-11,1.8886842,2.1632082,148.48051,18.37,bzr
4FGL J1224.7-8313,1.002,7.714E-13,7.9064125E-12,2.643445,1.4906127,13.112191,22.84,bzr
4FGL J1224.9+2122,1.549,5.964E-12,2.3198461E-10,2.3335164,6.9387865,17566.596,18.5,bzr
4FGL J1226.7+0637,2.535,1.503E-12,2.6810223E-12,1.6691127,2.2582629,18.383326,18.22,bzr
4FGL J1229.0+0202,1.305,2.224E-10,1.2872907E-10,2.7049294,8.878224,6361.068,15.83,bzr
4FGL J1230.2+2517,2.271,1.432E-11,3.686335E-11,2.0910826,5.189648,1651.7465,15.5,bzr
4FGL J1231.6+6415,2.103,8.084E-12,2.8109418E-12,1.9408244,0.51929545,8.438256,18.62,bzr
4FGL J1231.5+1421,2.501,4.44E-13,3.912952E-12,1.8751763,0.79673284,9.575881,18.7,bzr
4FGL J1236.3+3858,2.928,2.645E-13,2.370274E-12,1.9653542,0.981146,12.320272,19.65,bzr
4FGL J1237.8+6256,2.369,2.814E-12,9.656163E-13,1.9738982,0.6957945,17.544163,19.25,bzr
4FGL J1239.5+0443,1.316,1.445E-12,6.980354E-11,2.3737314,10.134285,1723.8578,21.56,bzr
4FGL J1241.8-1456,2.466,1.057E-12,4.4559864E-12,1.8303522,2.3536224,13.601444,18.9,bzr
4FGL J1243.2+3627,2.34,1.411E-11,2.4939698E-11,1.7830449,4.099575,9.380322,18.11,bzr
4FGL J1246.7-2548,1.825,2.38E-12,7.993472E-11,2.3088727,10.883738,739.9347,18.41,bzr
4FGL J1247.0+4421,2.508,2.315E-12,3.3882441E-12,1.790054,2.3144677,19.647308,20.02,bzr
4FGL J1248.7+5127,2.073,5.565E-13,1.900393E-12,1.9501473,0.25430754,10.766083,18.99,bzr
4FGL J1248.3+5820,2.642,2.932E-12,5.1049474E-11,1.8968896,5.094785,88.73574,16.78,bzr
4FGL J1251.2+1039,2.634,1.301E-12,2.9078328E-12,2.15166,0.9344864,11.571531,18.73,bzr
4FGL J1253.2+5301,2.152,1.283E-12,3.6001084E-11,2.0280678,6.3829536,71.659164,18.51,bzr
4FGL J1253.8+0327,2.116,3.185E-12,8.520657E-12,1.9926465,1.6526595,12.800068,17.39,bzr
4FGL J1253.8+6242,2.354,1.059E-12,3.5746926E-12,1.9798511,1.7228314,11.950819,20.01,bzr
4FGL J1256.1-0547,1.563,1.864E-11,2.7903183E-10,2.3380892,12.639733,5667.24,18.75,bzr
4FGL J1256.2-1146,2.679,4.009E-12,9.341329E-12,1.9697783,0.6332179,7.509931,16.889,bzr
4FGL J1258.8-2219,1.497,4.925E-13,2.1672435E-11,2.3701355,4.6875224,437.25375,21.0,bzr
4FGL J1303.0+2434,1.555,5.539E-13,1.852331E-11,2.1862519,3.753175,224.65317,20.54,bzr
4FGL J1304.3-4353,2.698,3.958E-12,2.5165349E-11,1.8889738,4.7614093,78.78745,16.71,bzr
4FGL J1307.6-4259,2.234,1.42E-11,2.067818E-11,1.9359274,2.0839152,13.882182,16.92,bzr
4FGL J1308.5+3547,1.54,9.095E-13,4.3426443E-12,2.2908723,5.175892,96.32067,21.22,bzr
4FGL J1309.7+1153,1.36,6.188E-13,6.5164324E-12,2.166511,1.8457179,6.9570336,19.28,bzr
4FGL J1310.2-1158,2.425,1.661E-12,4.9159986E-12,2.0241842,0.36414623,8.661398,17.5,bzr
4FGL J1310.5+3221,1.619,3.129E-12,2.7104239E-11,2.2603126,5.783753,170.41316,16.24,bzr
4FGL J1315.0-4236,2.082,3.585E-11,4.528877E-12,1.7188764,0.8366307,6.613862,17.6,bzr
4FGL J1315.5+1135,2.57,5.303E-12,2.5069608E-12,1.7483144,2.44061,10.58009,19.896,bzr
4FGL J1316.1-3338,1.656,3.142E-12,2.9227218E-11,2.3093977,2.7244356,458.5235,21.0,bzr
4FGL J1322.6-0936,1.573,1.574E-12,1.37348796E-11,2.6026447,2.490469,232.09059,19.0,bzr
4FGL J1326.9+2210,1.549,2.041E-12,1.7580024E-11,2.4782577,3.7069695,126.076164,19.9,bzr
4FGL J1328.5-4727,2.421,1.418E-12,9.37056E-12,1.9809405,1.4562578,13.206074,19.31,bzr
4FGL J1332.0-0509,1.308,3.518E-12,3.9658426E-11,2.4932353,8.534703,1617.3717,19.5,bzr
4FGL J1333.2+2725,1.61,9.101E-13,6.002346E-12,2.3566134,0.8016248,29.526024,20.667,bzr
4FGL J1335.3-2949,2.049,6.929E-12,3.614202E-12,2.0245087,1.1005484,12.930232,20.1,bzr
4FGL J1337.6-1257,1.661,8.297E-12,1.9408837E-11,2.4021792,3.9510915,92.14872,19.5,bzr
4FGL J1338.9+1153,3.161,1.611E-13,5.3287388E-12,1.9763342,1.0679188,33.145233,19.0,bzr
4FGL J1340.8-0409,2.478,7.81E-13,3.458362E-12,2.0209231,2.3006828,12.016003,19.145,bzr
4FGL J1341.2+3958,1.886,9.382E-12,2.7816844E-12,1.9625851,0.054496214,8.953745,19.24,bzr
4FGL J1344.2-1723,1.729,1.148E-13,1.7616695E-11,2.2184289,5.4489965,419.04538,21.178,bzr
4FGL J1345.8+0706,1.582,1.316E-12,1.1525066E-11,2.4774997,1.2840524,160.27547,21.18,bzr
4FGL J1347.1-2959,1.898,1.752E-12,4.507875E-12,2.0091996,1.1679982,2.2264194,18.852,bzr
4FGL J1349.5-1131,1.45,5.891E-12,1.37625866E-11,2.5049353,2.2650225,447.33472,19.0,bzr
4FGL J1350.8+3033,1.737,1.065E-12,8.939654E-12,2.423958,1.9279894,156.18596,19.34,bzr
4FGL J1351.0+0029,0.9568,3.724E-13,2.9504127E-12,2.3331046,2.0046108,102.072266,22.9,bzr
4FGL J1351.3+1115,2.819,2.882E-12,7.966359E-12,1.8706793,2.6428323,17.508907,18.87,bzr
4FGL J1353.3+1434,1.314,7.177E-13,5.7151055E-12,2.2776892,0.7617929,39.034916,18.38,bzr
4FGL J1354.8-1041,1.51,6.346E-12,9.348797E-12,2.4102297,3.5173523,163.18814,19.4,bzr
4FGL J1358.1+7642,1.616,3.41E-13,5.85457E-12,2.3471787,1.986391,50.01908,20.0,bzr
4FGL J1404.8+0402,2.641,5.934E-12,5.963279E-12,2.070329,0.15487628,12.854657,17.61,bzr
4FGL J1404.8+6554,2.446,1.967E-12,4.5948536E-12,1.8645823,1.7423675,30.508167,19.88,bzr
4FGL J1406.9+1643,2.322,4.057E-12,1.982621E-12,1.812417,1.6204811,10.208778,19.26,bzr
4FGL J1408.9-0751,1.597,8.714E-13,1.8599011E-11,2.3458438,2.94983,124.69866,19.4,bzr
4FGL J1416.1+1320,1.669,7.98E-13,6.1973373E-12,2.405265,2.4176261,33.97815,21.0,bzr
4FGL J1417.9+2543,2.015,2.845E-11,2.9296316E-12,1.536569,0.93916446,4.5537586,18.2,bzr
4FGL J1418.4-0233,2.331,1.052E-11,3.0710094E-11,1.7901014,5.178373,65.19138,16.63,bzr
4FGL J1419.3+0444,3.691,6.812E-13,2.4482562E-12,1.8475219,2.1236966,4.897267,19.31,bzr
4FGL J1419.5+3821,1.616,6.631E-13,7.2517933E-12,2.522438,0.1742044,28.487928,20.66,bzr
4FGL J1419.8+5423,1.587,1.953E-12,1.6763875E-11,2.3503282,1.3069816,220.74702,16.65,bzr
4FGL J1422.3+3223,1.707,4.651E-12,4.9159175E-12,2.377719,0.0102419825,64.09036,20.16,bzr
4FGL J1422.6+5801,2.131,1.252E-11,2.244774E-12,1.7469627,2.215129,8.110737,19.15,bzr
4FGL J1427.0+2348,2.586,1.458E-11,1.2599997E-10,1.815741,7.1082582,205.41731,15.95,bzr
4FGL J1427.6-3305,1.343,2.884E-12,1.7739789E-11,2.2845786,3.5972378,237.35925,17.907,bzr
4FGL J1427.9-4206,1.563,4.196E-12,3.536056E-10,2.191294,17.385248,12653.29,18.7,bzr
4FGL J1428.5+4240,1.917,7.472E-11,8.373216E-12,1.660515,1.9641265,14.914235,17.45,bzr
4FGL J1434.7+1950,1.707,9.683E-13,1.5287377E-11,2.2870963,5.2507024,468.09836,20.81,bzr
4FGL J1436.9+5638,2.313,6.584E-12,7.117527E-12,1.8791833,1.216795,23.22002,19.51,bzr
4FGL J1439.3+3932,2.644,6.886E-12,5.714248E-12,1.9406018,0.2741181,11.890631,18.1,bzr
4FGL J1440.6-3846,1.922,1.887E-11,7.550549E-12,1.7771808,2.1074023,8.978562,19.082,bzr
4FGL J1440.9+0609,2.105,1.022E-12,7.0204797E-12,2.122181,1.0721713,21.341959,18.34,bzr
4FGL J1442.7+1200,2.018,1.969E-11,6.140283E-12,1.800819,1.9712745,10.061939,18.63,bzr
4FGL J1443.9+2501,2.131,2.178E-12,5.007097E-11,2.0790143,9.075701,2858.3809,20.08,bzr
4FGL J1443.9-3908,2.599,1.262E-11,4.2386077E-11,1.820029,4.331671,22.053793,17.165,bzr
4FGL J1445.0-0326,2.306,1.858E-11,7.679967E-12,1.8182305,1.8176008,9.429736,18.2,bzr
4FGL J1448.0+3608,2.663,6.706E-12,1.5196325E-11,1.7908224,5.322961,21.101849,17.88,bzr
4FGL J1454.4-3744,1.545,5.164E-12,8.405199E-12,2.6363738,1.5761435,47.725563,17.69,bzr
4FGL J1454.4+5124,2.571,2.31E-12,3.1305528E-11,2.0171268,4.974009,246.72855,19.35,bzr
4FGL J1457.4-3539,1.573,1.298E-12,3.7740245E-11,2.3149548,9.152389,2672.3347,20.5,bzr
4FGL J1503.7-1540,2.274,1.35E-11,1.1315915E-11,1.806472,3.2295592,8.769473,19.1,bzr
4FGL J1504.4+1029,1.432,1.933E-12,1.8974775E-10,2.250185,16.042797,13163.932,19.56,bzr
4FGL J1508.8+2708,1.813,1.118E-11,2.704773E-12,2.004209,0.0,6.4355884,19.5,bzr
4FGL J1510.8-0542,1.716,8.459E-13,1.605947E-11,2.4402988,3.2203948,73.122406,18.21,bzr
4FGL J1512.2+0202,1.37,2.419E-12,1.6406612E-11,2.166313,4.5267997,19.700129,19.31,bzr
4FGL J1512.1-2255,2.596,8.094E-13,6.441595E-12,1.9409679,2.643371,4.6824393,19.175,bzr
4FGL J1512.8-0906,1.301,1.305E-11,4.5896065E-10,2.3796513,11.061813,4421.0425,17.54,bzr
4FGL J1516.9+1934,1.646,7.986E-13,3.4209885E-12,2.5047572,0.09456425,33.91122,19.7,bzr
4FGL J1517.7+6525,2.116,1.816E-11,9.922938E-12,1.8172821,3.1317341,15.844769,16.9,bzr
4FGL J1517.7-2422,1.452,1.119E-11,6.441017E-11,2.1218474,2.479868,90.89425,15.0,bzr
4FGL J1522.1+3144,1.22,5.296E-13,1.5813444E-10,2.4065843,11.5643835,2256.6794,20.89,bzr
4FGL J1532.0+3016,2.212,2.262E-12,4.575932E-12,1.9435027,1.6265155,14.390863,16.6,bzr
4FGL J1533.2+1855,2.252,9.345E-12,3.6071398E-12,1.8322773,0.1453296,1.4970526,18.1,bzr
4FGL J1535.0+5320,2.312,1.063E-11,2.265905E-12,1.8064821,1.4312717,5.1257625,19.75,bzr
4FGL J1534.8+0131,1.579,8.371E-13,1.3168088E-11,2.3661973,1.2008104,247.5647,19.5,bzr
4FGL J1534.8+3716,2.701,5.997E-13,3.0345578E-12,2.0499203,0.77268636,15.880979,18.57,bzr
4FGL J1539.7-1127,2.931,1.693E-12,4.973869E-12,1.8667933,0.42938212,6.67441,18.779,bzr
4FGL J1540.1+8155,2.569,8.797E-12,7.322423E-12,1.757362,2.9108891,5.200476,18.6,bzr
4FGL J1540.7+1449,1.924,1.245E-12,3.935045E-12,2.168035,0.8440808,16.746302,18.3,bzr
4FGL J1543.0+6130,2.494,9.832E-13,5.351143E-11,1.9989814,7.2054043,244.90182,17.25,bzr
4FGL J1546.0+0819,2.442,6.893E-13,7.5234645E-12,1.8936092,2.6730595,7.3217015,18.904,bzr
4FGL J1549.5+0236,1.695,3.509E-12,1.5024754E-11,2.4201117,2.661549,149.49353,18.42,bzr
4FGL J1549.8-0659,2.278,4.054E-12,1.0800911E-11,1.9461403,1.612798,13.739054,20.356,bzr
4FGL J1550.7+0528,1.769,1.805E-12,9.312558E-12,2.3790917,3.6840599,28.145073,19.73,bzr
4FGL J1553.6+1257,1.412,7.5E-13,1.7099464E-11,2.387721,4.4914384,622.0588,18.65,bzr
4FGL J1553.5-3118,2.688,1.691E-12,1.0799917E-11,1.9285252,4.3038645,31.110905,18.14,bzr
4FGL J1555.7+1111,2.349,4.497E-11,1.673442E-10,1.6849829,8.684685,74.97342,15.57,bzr
4FGL J1604.6+5714,1.62,1.527E-12,1.9209311E-11,2.4287345,4.330862,76.340935,18.79,bzr
4FGL J1607.0+1550,1.71,1.436E-12,2.1096017E-11,2.2588258,5.176811,7.2845078,20.49,bzr
4FGL J1608.7+1029,1.313,2.246E-12,1.3679267E-11,2.576474,4.668778,202.58554,19.0,bzr
4FGL J1610.7-6648,2.625,9.304E-12,3.0658E-11,1.7324468,6.882263,63.010323,17.415,bzr
4FGL J1613.6+3411,1.635,1.56E-12,1.1084934E-11,2.4310293,1.1520585,53.199467,18.46,bzr
4FGL J1617.9-7718,1.457,5.408E-12,2.253502E-11,2.611102,3.8384826,250.67882,20.0,bzr
4FGL J1625.7-2527,1.559,1.836E-12,5.293107E-11,2.3437128,8.432622,1320.7769,21.6,bzr
4FGL J1626.0-2950,1.419,3.527E-12,4.2332672E-11,2.5494134,4.4527974,376.02747,21.5,bzr
4FGL J1626.6-7639,2.452,6.72E-13,4.4079033E-12,2.1032803,0.5368084,18.582129,18.305,bzr
4FGL J1630.7+5221,2.667,4.995E-13,1.20765325E-11,2.0377173,2.995903,15.649286,19.017,bzr
4FGL J1635.2+3808,1.499,6.197E-12,1.6500715E-10,2.4068053,20.497892,4745.3525,18.97,bzr
4FGL J1637.7+4717,1.759,2.036E-12,1.624039E-11,2.4105544,3.7234535,540.71466,18.995,bzr
4FGL J1638.1+5721,1.795,3.157E-12,5.3041165E-12,2.6423185,1.4130919,51.507896,18.0,bzr
4FGL J1640.4+3945,1.517,7.591E-13,3.002816E-11,2.3957953,2.935356,340.6408,17.5,bzr
4FGL J1640.9+1143,2.944,6.485E-13,3.678703E-12,2.2806833,0.06865236,8.758436,17.523,bzr
4FGL J1642.9+3948,1.637,6.513E-12,2.7863309E-11,2.3822086,1.4368248,169.02411,17.59,bzr
4FGL J1643.5-0646,2.033,2.742E-12,4.705028E-12,2.1103,0.114676595,29.08202,17.808,bzr
4FGL J1647.5+4950,1.531,4.886E-12,1.4912785E-11,2.3975687,0.6136163,91.74763,18.0,bzr
4FGL J1653.8+3945,1.978,1.441E-10,1.4538608E-10,1.7499679,2.9339688,292.85062,14.29,bzr
4FGL J1657.0+6010,1.883,4.065E-13,3.552566E-12,2.4534035,0.5076505,18.963907,20.0,bzr
4FGL J1700.0+6830,1.492,2.385E-12,3.114957E-11,2.373769,5.915512,710.66296,18.0,bzr
4FGL J1703.6-6213,1.516,1.573E-12,3.250717E-11,2.407457,7.2486067,398.45233,19.253,bzr
4FGL J1716.1+6836,1.222,9.017E-13,7.3880286E-12,2.3932266,1.1493658,79.95528,19.16,bzr
4FGL J1719.2+1745,1.778,1.435E-12,2.2033502E-11,2.0459259,5.7543607,1166.2653,20.1,bzr
4FGL J1725.0+1152,2.587,1.459E-11,3.9169817E-11,1.8588117,3.6139052,13.334752,16.77,bzr
4FGL J1727.4+4530,1.701,1.163E-12,2.5921267E-11,2.4849353,5.9659,527.5442,20.0,bzr
4FGL J1728.3+5013,2.125,4.397E-11,2.2093612E-11,1.7806304,1.6515207,164.27542,16.97,bzr
4FGL J1728.4+0427,1.672,2.322E-12,7.6271515E-12,2.5869317,4.2049823,56.95297,17.99,bzr
4FGL J1730.6+0024,1.372,1.27E-12,1.180308E-11,2.2074978,4.513134,329.93808,20.5,bzr
4FGL J1730.8+3715,2.78,6.47E-13,4.689752E-12,2.0604346,2.2020578,6.076998,18.18,bzr
4FGL J1733.0-1305,1.522,2.863E-12,6.604779E-11,2.3524394,8.155536,902.6218,19.5,bzr
4FGL J1734.3+3858,1.32,4.252E-12,2.0208831E-11,2.4118896,3.2608945,438.1959,20.0,bzr
4FGL J1736.0+2033,2.342,6.795E-12,5.8992164E-12,1.8823478,2.7795272,37.28615,19.436,bzr
4FGL J1740.5+5211,1.257,2.465E-12,2.3083764E-11,2.4600558,2.1613235,740.9472,19.5,bzr
4FGL J1744.0+1935,2.065,1.508E-11,9.4371524E-12,1.931682,2.5195954,10.721691,17.8,bzr
4FGL J1744.2-0353,1.379,2.664E-12,5.332476E-12,2.5145679,0.18233335,13.6935425,19.5,bzr
4FGL J1745.4-0753,1.187,1.485E-12,1.6755338E-11,2.061992,0.16964626,7.5568953,19.392,bzr
4FGL J1748.6+7005,1.868,3.029E-12,4.6978522E-11,2.037151,4.781412,475.04904,18.01,bzr
4FGL J1749.0+4321,1.666,1.026E-12,1.1681195E-11,2.0647864,2.2595928,31.064896,19.21,bzr
4FGL J1751.5+0938,1.628,8.284E-12,4.527303E-11,2.2557795,5.945081,884.58154,17.78,bzr
4FGL J1756.3+5522,2.142,1.126E-11,5.0658037E-12,1.8406285,1.8492734,16.348568,17.87,bzr
4FGL J1757.0+7032,2.116,7.797E-12,1.7839057E-12,1.7904531,1.0606524,14.04065,19.27,bzr
4FGL J1800.6+7828,1.479,3.94E-12,5.5820522E-11,2.2096267,5.0231895,257.04666,17.4,bzr
4FGL J1801.5+4404,1.609,4.62E-12,1.9584334E-11,2.3670387,2.5698767,1212.1047,17.8,bzr
4FGL J1806.8+6949,1.693,3.682E-12,3.555753E-11,2.2855031,4.2726965,92.95958,15.22,bzr
4FGL J1809.7+2910,2.814,4.637E-13,9.382022E-12,1.9337776,3.4789305,6.699237,18.365,bzr
4FGL J1813.5+3144,2.794,8.8E-13,1.0153632E-11,2.144142,1.9290978,26.638464,18.4,bzr
4FGL J1824.1+5651,1.52,3.574E-12,2.2282396E-11,2.3885798,3.3463352,163.84195,19.4,bzr
4FGL J1838.8+4802,2.351,9.762E-12,2.5362518E-11,1.8524191,2.9597085,191.09026,18.6,bzr
4FGL J1841.3+2909,2.629,2.344E-12,4.638066E-12,1.7137939,2.4433415,8.754174,18.22,bzr
4FGL J1841.8+3218,2.524,1.954E-12,6.898587E-12,1.9324082,3.3796103,34.75558,18.911,bzr
4FGL J1842.3+6810,1.805,1.42E-12,4.228143E-12,2.700454,0.7022935,7.467066,18.9,bzr
4FGL J1848.4+3217,1.336,2.856E-12,2.2336669E-11,2.3915246,6.176546,463.7295,18.857,bzr
4FGL J1848.9+4247,2.212,9.262E-12,2.9913723E-12,2.0111113,0.4039586,13.812965,19.9,bzr
4FGL J1849.2+6705,1.655,2.416E-12,4.9897877E-11,2.2862663,8.328598,1598.5779,21.0,bzr
4FGL J1902.9-6748,1.087,1.977E-12,1.21383155E-11,2.42332,3.7691712,196.3996,19.491,bzr
4FGL J1903.2+5540,2.248,1.132E-12,3.963752E-11,1.9475454,6.821775,65.421265,18.412,bzr
4FGL J1911.2-2006,1.537,2.661E-12,4.5552243E-11,2.4452753,9.460958,609.60547,18.549,bzr
4FGL J1917.7-1921,2.135,1.833E-12,3.9375496E-11,1.9483535,1.5826024,52.416992,16.3,bzr
4FGL J1918.2-4111,2.172,2.892E-13,2.7554797E-11,1.9392976,6.6041284,30.024502,18.432,bzr
4FGL J1923.5-2104,1.429,2.115E-12,2.498912E-11,2.302665,6.512263,1638.863,18.5,bzr
4FGL J1924.8-2914,1.78,1.192E-11,2.4860003E-11,2.3892934,1.4903945,203.59099,19.21,bzr
4FGL J1927.5+6117,1.916,1.136E-12,8.6217864E-12,2.125786,2.5923274,38.14119,18.5,bzr
4FGL J1936.9-4720,1.974,1.563E-11,8.617655E-12,1.7679237,1.4878328,30.386515,19.094,bzr
4FGL J1937.2-3958,1.413,4.369E-12,1.1898639E-11,2.6233878,1.7781373,50.35919,20.0,bzr
4FGL J1941.3-6210,0.7341,2.366E-12,2.7828151E-11,2.4468105,4.164793,738.62463,22.84,bzr
4FGL J1942.8-3512,2.156,2.06E-12,3.1858795E-12,2.4075665,0.8544405,14.710571,17.973,bzr
4FGL J1944.4-4523,2.467,3.379E-12,2.8234173E-12,1.7038753,1.502991,10.69413,18.61,bzr
4FGL J1958.0-3845,1.7,2.509E-12,3.318279E-11,2.3475225,8.495468,58.86073,18.07,bzr
4FGL J1958.3-3010,2.062,2.09E-11,1.03275175E-11,1.8125044,1.7653297,27.514261,17.863,bzr
4FGL J1959.7-4725,2.61,1.839E-12,1.1801209E-11,1.779972,5.3068333,7.332477,17.92,bzr
4FGL J2000.0+6508,2.094,3.181E-10,9.266375E-11,1.8164151,3.0461853,1052.4075,13.8,bzr
4FGL J2000.9-1748,1.657,1.952E-12,1.7319151E-11,2.27094,0.19116484,77.014175,18.46,bzr
4FGL J2005.5+7752,1.484,2.249E-12,2.508487E-11,2.230066,3.9771602,332.5123,17.5,bzr
4FGL J2005.9-2309,1.36,8.05E-13,1.33305094E-11,2.4629374,2.4768572,239.81487,20.3,bzr
4FGL J2009.4-4849,2.449,4.299E-11,3.3502246E-11,1.8300068,2.1887505,135.07834,13.81,bzr
4FGL J2010.0+7229,1.309,5.308E-13,1.4568974E-11,2.2920136,5.6797557,63.758015,19.62,bzr
4FGL J2015.2-0137,2.095,6.3E-13,1.28476275E-11,2.237225,3.1201885,9.108798,18.61,bzr
4FGL J2022.5+7612,1.41,2.874E-12,1.5014935E-11,2.2752826,1.5821507,61.431946,19.1,bzr
4FGL J2024.6-3252,1.821,1.13E-12,1.2592671E-11,2.5027628,2.0573158,76.52446,17.3,bzr
4FGL J2025.6-0735,1.545,2.267E-12,8.659873E-11,2.3068326,9.903055,3045.1687,18.947,bzr
4FGL J2030.9+1935,2.151,1.76E-12,7.4647025E-12,1.8422645,3.6622107,17.293234,19.254,bzr
4FGL J2032.0+1219,1.616,4.844E-13,6.55874E-12,2.410356,1.7665293,32.70739,19.5,bzr
4FGL J2035.4+1056,1.305,2.955E-12,5.8835596E-11,2.3704584,8.541,2421.8145,17.37,bzr
4FGL J2039.0-1046,1.956,4.979E-13,1.923961E-11,2.0877066,4.396557,19.786705,17.69,bzr
4FGL J2040.2-7115,1.714,1.8E-11,5.8485994E-12,1.7504807,1.738107,6.4781423,18.5,bzr
4FGL J2041.9-3735,2.069,1.318E-11,3.2939595E-12,2.0277045,0.6612443,11.528909,17.798,bzr
4FGL J2042.1+2427,2.152,1.286E-11,5.3505442E-12,1.8167945,0.37215948,12.657421,16.753,bzr
4FGL J2050.0+0408,1.892,3.508E-13,8.763139E-12,2.2174914,0.81650907,14.389129,19.855,bzr
4FGL J2055.4-0020,2.037,1.989E-11,3.916095E-12,1.8690296,1.5279193,10.377656,19.07,bzr
4FGL J2056.2-4714,1.478,4.166E-12,6.7512024E-11,2.4467964,8.014952,902.16144,20.1,bzr
4FGL J2103.8-6233,2.86,1.033E-12,1.45318115E-11,2.022396,4.6744566,37.647785,17.56,bzr
4FGL J2108.7-0250,2.456,1.848E-12,3.98705E-12,2.0983315,0.09464448,10.440263,17.813,bzr
4FGL J2108.9-6638,2.21,8.083E-13,7.446751E-12,2.0827289,0.723573,5.6435347,19.32,bzr
4FGL J2115.4+2932,1.525,5.421E-13,2.3495313E-11,2.3234506,5.484022,413.85272,20.5,bzr
4FGL J2118.0+0019,1.982,3.41E-13,2.9190784E-12,2.5648456,0.7114512,28.028568,20.29,bzr
4FGL J2123.6+0535,1.954,1.892E-12,5.5333663E-12,2.3648615,0.3990354,26.685188,18.5,bzr
4FGL J2126.3-4605,1.355,1.792E-12,1.493339E-11,2.5538874,1.723283,553.8177,19.0,bzr
4FGL J2131.5-0916,2.459,5.568E-12,7.651682E-12,1.9745489,0.32163084,16.088516,19.0,bzr
4FGL J2131.7-2515,2.312,9.045E-12,3.561832E-12,1.8672062,1.5294055,10.316095,19.342,bzr
4FGL J2134.2-0154,1.785,1.739E-12,1.2249363E-11,2.3003154,1.3438128,62.796955,20.0,bzr
4FGL J2139.4-4235,2.368,9.942E-13,4.243272E-11,2.0350103,5.9266787,380.49533,17.2,bzr
4FGL J2143.5+1743,1.402,3.072E-12,7.244521E-11,2.5002623,3.5901046,103.82232,16.73,bzr
4FGL J2145.0-3356,1.911,2.746E-13,1.463455E-11,2.3124094,2.8931985,289.80893,19.725,bzr
4FGL J2145.7+0718,2.02,6.194E-12,2.8453882E-12,2.1587486,0.21588908,3.6562572,19.04,bzr
4FGL J2146.4-1528,1.71,1.901E-12,5.7353016E-12,2.7851458,1.3437438,42.244152,18.27,bzr
4FGL J2147.1+0931,1.461,1.864E-12,2.3709352E-11,2.5014362,4.8927503,568.3261,19.54,bzr
4FGL J2147.3-7536,1.411,3.541E-12,6.877983E-11,2.420381,7.304461,1584.4125,18.3,bzr
4FGL J2150.1-1410,1.928,1.46E-11,5.066879E-12,1.8052657,1.5056721,10.94667,19.5,bzr
4FGL J2151.8-3027,1.197,2.187E-11,3.4637043E-11,2.84,7.438828,740.04486,19.0,bzr
4FGL J2153.1-0041,1.689,1.097E-11,2.3023415E-12,1.7718229,0.28546464,10.262399,19.48,bzr
4FGL J2156.0+1818,2.82,1.493E-12,5.8702223E-12,1.7700119,1.559757,11.658683,18.536,bzr
4FGL J2158.1-1501,1.779,2.466E-12,9.523703E-12,2.1953216,2.4202707,18.647638,18.5,bzr
4FGL J2158.8-3013,2.386,1.315E-10,2.1380211E-10,1.8488208,5.1019106,646.9514,14.09,bzr
4FGL J2201.5-8339,0.8297,1.161E-12,2.264858E-11,2.5257688,5.5757146,302.83655,19.5,bzr
4FGL J2202.7+4216,1.687,1.581E-11,2.0163962E-10,2.2328286,8.503533,2474.0308,15.72,bzr
4FGL J2203.4+1725,1.708,1.111E-12,3.5837906E-11,2.311638,4.2978253,671.9468,17.562,bzr
4FGL J2204.3+0438,1.573,2.934E-12,3.5559812E-12,2.3392997,2.9099755,18.917612,16.2,bzr
4FGL J2207.5-5346,1.347,2.338E-12,8.323511E-12,2.4188657,1.1009595,79.87088,19.0,bzr
4FGL J2212.0+2356,1.68,5.684E-13,1.1002525E-11,2.2229416,2.7644508,4.524477,19.62,bzr
4FGL J2212.9-2526,1.441,4.596E-13,5.191987E-12,2.2784188,1.9259872,24.743803,20.0,bzr
4FGL J2216.9+2421,1.757,1.174E-12,8.579782E-12,2.2886872,1.6249474,36.19286,18.16,bzr
4FGL J2221.5-5225,2.75,5.842E-12,8.878894E-12,1.7790759,2.7397594,25.325272,17.9,bzr
4FGL J2224.0-1127,1.389,3.711E-13,2.3239663E-12,2.0967262,2.0234547,11.016076,19.669,bzr
4FGL J2225.7-0457,1.575,3.329E-12,1.3837093E-11,2.419584,3.2294872,166.97598,19.39,bzr
4FGL J2229.7-0832,1.483,3.779E-12,4.7266645E-11,2.5961993,6.3224874,492.7283,18.41,bzr
4FGL J2232.6+1143,1.352,1.651E-11,2.201181E-10,2.3785121,16.43732,14315.209,18.33,bzr
4FGL J2232.6-2023,2.26,5.143E-12,2.3557018E-12,2.013651,0.74598396,8.270758,18.7,bzr
4FGL J2235.3-4836,1.59,3.39E-12,1.0527772E-11,2.510441,0.5692595,60.973278,18.2,bzr
4FGL J2236.3+2828,1.554,1.669E-12,4.1038284E-11,2.29728,8.626903,387.64642,20.0,bzr
4FGL J2236.5-1433,1.554,6.138E-12,6.3668404E-11,2.145998,6.675215,1534.8916,19.66,bzr
4FGL J2243.4-2544,2.037,4.801E-13,1.4746206E-11,2.1196923,3.9877267,27.560143,18.775,bzr
4FGL J2243.9+2021,2.708,4.671E-12,4.1674598E-11,1.8550937,6.235906,116.386406,17.0,bzr
4FGL J2246.7-5207,2.091,2.814E-11,2.0408252E-12,1.612939,1.1838099,15.586536,19.2,bzr
4FGL J2247.8+4413,2.84,3.201E-12,6.221992E-12,1.7646433,1.3333254,13.161317,18.965,bzr
4FGL J2248.7-3235,1.151,1.219E-12,5.074806E-12,2.839221,0.7338602,39.574738,19.6,bzr
4FGL J2250.0+3825,2.34,1.573E-11,9.308798E-12,1.716951,0.083622694,24.531927,17.0,bzr
4FGL J2250.7-2806,1.428,9.598E-13,2.6221232E-11,2.181623,4.609641,502.9007,22.113,bzr
4FGL J2252.0+4031,1.838,4.039E-13,1.08045396E-11,2.013958,2.084195,19.691181,18.192,bzr
4FGL J2253.9+1609,1.455,5.883E-11,1.1148474E-9,2.3871574,39.507847,50905.23,17.1,bzr
4FGL J2256.6-2011,1.953,9.793E-13,9.674515E-12,2.1192822,1.472141,7.878109,19.5,bzr
4FGL J2258.1-2759,1.627,2.285E-12,2.6900392E-11,2.4349477,8.209972,638.48035,17.77,bzr
4FGL J2258.4-5524,2.62,1.9E-12,3.5866416E-12,2.2129064,0.42502913,5.5618305,18.9,bzr
4FGL J2304.6+3704,2.671,5.653E-12,7.752719E-12,1.8313485,1.4826201,37.477444,18.5,bzr
4FGL J2311.0+3425,1.465,1.115E-12,4.9153667E-11,2.3466845,7.7974267,1853.3151,20.5,bzr
4FGL J2314.0+1445,2.253,3.471E-12,7.264164E-12,1.892886,1.5010129,11.99055,18.14,bzr
4FGL J2315.6-5018,1.921,5.491E-13,5.0320156E-12,2.384639,0.07591267,25.431484,19.95,bzr
4FGL J2321.9+2734,1.343,2.015E-12,7.17247E-12,2.1579258,1.9670782,6.9759464,20.0,bzr
4FGL J2321.9+3204,2.173,3.871E-13,3.2638458E-11,2.226714,8.251954,872.41864,19.0,bzr
4FGL J2322.7+3436,2.7,1.419E-12,4.5550703E-12,1.9673349,0.815044,12.832322,16.88,bzr
4FGL J2323.5-0317,1.494,2.145E-12,4.4610073E-11,2.2509482,8.024947,767.33124,19.386,bzr
4FGL J2323.8+4210,2.749,2.702E-12,2.1203914E-11,1.8952142,3.2877023,39.61532,18.0,bzr
4FGL J2324.7-4041,2.548,9.767E-12,1.1638111E-11,1.7773997,3.5537393,49.443077,16.54,bzr
4FGL J2327.5+0939,1.225,4.257E-12,2.1229747E-11,2.702655,3.6373048,311.9642,20.5,bzr
4FGL J2328.3-4036,1.805,1.204E-12,2.2686495E-11,2.3605242,4.4756665,197.91664,19.5,bzr
4FGL J2329.2+3755,2.361,5.016E-12,8.163798E-12,1.9121354,1.2063532,13.750117,18.762,bzr
4FGL J2329.3-4955,1.452,1.903E-12,1.5135874E-10,2.2749078,15.128853,8509.202,20.0,bzr
4FGL J2329.3-4733,1.748,1.84E-12,4.1591227E-12,2.487082,0.92724663,39.12555,17.79,bzr
4FGL J2334.2+0736,1.783,2.615E-12,6.6755325E-12,2.5368533,1.0093458,50.412373,16.5,bzr
4FGL J2338.0-0230,1.05,1.507E-12,1.1869261E-11,2.4362526,1.5191182,105.1925,20.27,bzr
4FGL J2340.8+8015,2.653,7.324E-13,1.8855625E-11,1.9484295,4.369063,6.868071,19.9,bzr
4FGL J2343.6+3438,2.204,8.526E-12,4.8304785E-12,1.7885731,2.2086549,15.971925,19.268,bzr
4FGL J2345.2-1555,1.888,2.621E-12,9.998763E-11,2.1157928,13.328865,2327.393,19.813,bzr
4FGL J2346.7+0705,2.489,1.752E-12,1.1083117E-11,1.84485,1.3935875,13.264126,17.5,bzr
4FGL J2348.0-1630,1.547,4.448E-12,2.814337E-11,2.3588088,2.6316974,216.99385,19.41,bzr
4FGL J2350.6-3005,2.068,6.457E-12,4.8383823E-12,2.0067089,1.1412047,23.302721,18.687,bzr
4FGL J2354.6+4554,1.911,3.731E-13,2.9280385E-12,2.3976746,1.2355511,3.4185586,21.6,bzr
4FGL J2356.2+4036,2.255,1.352E-12,4.767296E-12,1.9445812,0.06264428,6.21956,17.635,bzr
4FGL J2357.4-1718,1.942,1.797E-11,3.9358248E-12,1.7030702,1.6097838,4.921488,18.4,bzr
4FGL J2357.8-5311,1.745,3.434E-12,7.591609E-12,2.592751,1.2630906,213.76755,18.8,bzr
4FGL J2358.3-1021,1.744,4.525E-11,1.0858042E-11,2.606263,2.2154205,131.67485,19.91,bzr
4FGL J2359.0-3038,1.969,3.911E-11,6.070889E-12,1.9260067,0.13611576,1.7662028,17.44,bzr
4FGL J1355.2-6420e,1.48,8.13E-14,6.269055E-12,1.3194005,0.39834467,4.850121,28.01,psr
4FGL J0002.8+6217,2.0,1.21E-14,1.8611144E-11,2.4731266,9.680294,4.7018147,22.284,psr
4FGL J0007.0+7303,1.3,4.32E-14,4.3222992E-10,2.027981,63.44732,4.1237054,27.9,psr
4FGL J0023.4+0920,3.2,3.014E-14,7.603335E-12,2.2529113,7.0097384,7.1118784,24.908,psr
4FGL J0030.4+0451,3.44,1.42E-12,6.198533E-11,2.088048,28.836191,10.896865,28.01,psr
4FGL J0205.7+6449,1.8,1.36E-11,6.445575E-11,2.466502,8.334379,5.459605,27.803,psr
4FGL J0218.1+4232,1.11,1.28E-13,4.92972E-11,2.354915,12.440108,11.292283,25.21,psr
4FGL J0357.8+3204,2.53,1.11E-13,6.612613E-11,2.2941928,33.46518,16.404676,23.045,psr
4FGL J0359.4+5414,2.7,2.89E-15,2.134798E-11,2.3817012,10.697172,3.7491198,22.567,psr
4FGL J0437.2-4715,2.98,2.741E-12,1.6767601E-11,2.335186,16.91039,9.085516,21.244,psr
4FGL J0534.5+2200,1.63,2.486E-10,1.4384429E-9,2.3268569,30.142836,62.37773,17.3,psr
4FGL J0614.1-3329,4.91,1.247E-12,1.1319057E-10,1.9127336,36.732376,4.8714867,26.33,psr
4FGL J0633.7+0632,1.45,1.69E-13,9.5674135E-11,2.230074,23.936653,6.838747,28.23,psr
4FGL J0633.9+1746,1.9,1.5E-14,4.247203E-9,2.0902097,213.46082,12.698334,26.477,psr
4FGL J0659.7+1416,2.1,2.649E-11,2.7762011E-11,2.8502924,11.347644,8.465734,40.0,psr
4FGL J0751.2+1808,1.31,5.89E-14,9.969587E-12,2.0598524,12.24263,6.3333845,26.659,psr
4FGL J0835.3-4510,2.7,4.805E-11,9.377964E-9,2.2226422,199.2767,4.25317,22.269,psr
4FGL J0952.1-0607,2.5,9.0E-15,2.2026146E-12,2.1951532,5.094388,9.396071,24.753,psr
4FGL J1016.3-5857,1.52,7.12E-14,7.0855606E-11,2.4705303,9.309773,6.891141,40.0,psr
4FGL J1023.0-5745,1.54,4.68E-14,1.514541E-10,2.431938,17.339725,2.4471574,22.115,psr
4FGL J1028.5-5819,2.0,1.36E-13,2.6581692E-10,2.352837,25.681242,3.6641855,26.31,psr
4FGL J1048.6+2340,1.64,8.125E-14,5.055278E-12,2.29081,3.3127491,8.973273,20.358,psr
4FGL J1048.2-5832,1.22,1.58E-14,1.9360459E-10,2.335856,26.073954,4.68135,28.61,psr
4FGL J1055.7-6028,2.0,1.83E-14,2.081927E-11,2.410757,5.66737,10.307451,40.0,psr
4FGL J1104.9-6037,0.0,4.4E-15,2.4377353E-11,2.414721,9.285917,3.5279853,22.07,psr
4FGL J1105.4-6108,1.8,1.172E-12,2.1978813E-11,2.4820106,5.079069,2.3475678,21.581,psr
4FGL J1119.1-6127,1.74,5.938E-13,4.504984E-11,2.317472,5.019085,10.861152,22.149,psr
4FGL J1124.0-3653,2.1,6.658E-14,1.2536405E-11,2.1193156,9.987034,5.2259502,26.031,psr
4FGL J1124.7-5915,1.54,1.95E-12,6.066488E-11,2.4564695,11.214797,7.653471,28.81,psr
4FGL J1135.2-6055,1.15,1.08E-14,4.414884E-11,2.4072673,10.285016,6.7866917,19.351,psr
4FGL J1228.0-4853,1.53,5.1E-12,2.4040221E-11,2.3792608,7.1214356,56.691372,40.0,psr
4FGL J1231.1-1412,3.84,3.148E-12,9.948273E-11,1.9663708,41.169384,17.241665,25.498,psr
4FGL J1311.7-3430,1.71,1.71E-13,6.1563206E-11,2.2352808,14.931902,9.684936,40.0,psr
4FGL J1417.6-4403,1.32,7.771E-13,7.478826E-12,2.3335326,5.589002,5.444543,16.85,psr
4FGL J1418.7-6057,1.8,2.46E-14,3.0925648E-10,2.3750975,24.395206,6.7452044,21.665,psr
4FGL J1420.0-6048,0.84,3.03E-14,1.3719632E-10,2.3948185,10.910613,16.803963,21.599,psr
4FGL J1446.6-4701,2.93,3.097E-14,6.69764E-12,2.2559555,6.3537073,7.817119,23.167,psr
4FGL J1459.5-6053,2.1,5.808E-14,1.2738299E-10,2.5062385,17.189907,8.162962,23.093,psr
4FGL J1509.4-5850,1.36,2.067E-14,1.172128E-10,2.4100003,17.625187,10.64639,22.179,psr
4FGL J1614.5-2230,4.64,9.188E-15,2.4537098E-11,2.0797403,18.481552,4.2202287,17.66,psr
4FGL J1628.1-3204,2.6,1.224E-13,1.0625399E-11,2.3985877,7.89162,2.0285463,20.307,psr
4FGL J1653.6-0158,1.65,6.71E-14,3.4568137E-11,2.289459,13.484889,10.390047,22.319,psr
4FGL J1718.2-3825,1.55,5.95E-14,1.1067092E-10,2.5363038,13.91725,1.4247506,22.019,psr
4FGL J1732.5-3131,2.01,3.3E-14,1.7802405E-10,2.3074892,32.67987,3.9625943,19.561,psr
4FGL J1741.9-2054,2.71,2.57E-12,1.1584806E-10,2.4577873,37.057877,2.8133934,40.0,psr
4FGL J1747.2-2957,1.51,2.33E-12,1.6643391E-10,2.5365362,18.056051,9.951354,20.868,psr
4FGL J1809.8-2332,1.85,2.19E-10,4.403006E-10,2.2976525,40.889355,5.8191175,40.0,psr
4FGL J1810.5+1744,2.1,2.642E-14,2.4275366E-11,2.3731444,9.005264,10.993151,21.308,psr
4FGL J1813.4-1246,1.72,9.54E-13,2.480455E-10,2.490069,26.964663,5.4773293,23.324,psr
4FGL J1823.5-3020,1.01,2.13E-10,1.41488895E-11,2.2030306,7.300726,3.213282,40.0,psr
4FGL J1824.6-2452,0.008,3.41E-11,2.2174112E-11,2.3653529,8.699651,3.3097355,17.391,psr
4FGL J1826.1-1256,0.79,1.98E-14,4.4296034E-10,2.4356484,31.85687,7.7440104,40.0,psr
4FGL J1833.5-1033,1.52,3.212E-12,8.250267E-11,2.5046744,6.4271936,1.9306086,24.961,psr
4FGL J1836.2+5925,2.05,8.85E-14,6.1998345E-10,2.0583625,113.64893,11.095913,28.894,psr
4FGL J1844.4-0345,2.0,2.04E-14,4.6259382E-11,2.4599583,10.494366,9.355194,40.0,psr
4FGL J1907.9+0602,3.16,9.76E-13,3.0209707E-10,2.3315504,31.246452,6.3048487,22.411,psr
4FGL J1952.9+3252,1.71,2.95E-12,1.5079187E-10,2.2767303,26.294985,3.2786207,21.323,psr
4FGL J1958.7+2846,1.14,3.2E-14,1.0696947E-10,2.3446944,21.462803,3.5305233,23.235,psr
4FGL J1959.5+2048,1.37,3.26E-14,1.5311143E-11,2.356051,10.691518,7.656006,21.837,psr
4FGL J2017.9+3625,2.0,6.48E-15,6.9906955E-11,2.503662,15.309065,7.409915,25.65,psr
4FGL J2021.1+3651,1.68,6.06E-13,5.3619015E-10,2.3133342,48.952705,2.2368228,28.276,psr
4FGL J2021.5+4026,0.86,8.89E-14,8.314776E-10,2.34228,53.928547,201.75641,22.625,psr
4FGL J2022.3+3840,0.93,7.735E-13,2.2455152E-11,2.7205515,5.605524,6.809565,22.659,psr
4FGL J2032.2+4127,2.0,2.447E-14,1.4294997E-10,2.2212572,22.332617,10.653114,12.27,psr
4FGL J2043.7+2741,3.1,1.284E-13,8.831482E-12,2.4305234,8.220409,33.109806,26.45,psr
4FGL J2051.0-0826,2.51,4.35E-15,2.6882932E-12,2.1011827,5.054351,7.10484,27.107,psr
4FGL J2055.8+2540,2.04,4.1E-14,5.2838362E-11,2.1675305,31.388172,8.098775,40.0,psr
4FGL J2124.7-3358,2.89,2.02E-13,3.839591E-11,2.006402,27.75549,6.3514895,40.0,psr
4FGL J2129.8-0428,1.4,2.625E-14,7.3755654E-12,2.1652443,7.1596293,3.179014,17.69,psr
4FGL J2214.6+3000,0.0,2.58E-15,3.2502792E-11,2.076753,22.26771,11.170687,24.314,psr
4FGL J2215.6+5135,1.4,1.131E-13,1.7168015E-11,2.2204852,8.183254,8.75527,20.087,psr
4FGL J2229.0+6114,1.01,1.23E-12,2.4923877E-10,2.2967281,31.431957,6.4297047,40.0,psr
4FGL J2256.8-1024,2.7,5.386E-14,7.93376E-12,2.1817737,7.626959,8.279588,23.287,psr
4FGL J2302.7+4443,2.91,1.82E-13,3.8633433E-11,2.0197759,22.69881,3.5427363,24.406,psr
