Source_Name,XRT oldname,XRT updated name,UV name,Xray_Index,FX,FG,PL,SC,VI,V,FILTER,AB_MAG,AB_MAG_real,GLON,GLAT
4FGL J0004.4-4001,SwFS1 J000434.1-400036,SwXF4 J000434.1-400036,SwUVF4 J000434.2-400035,2.49677,3.8618908944898997E-13,2.1773763E-12,2.4249508,0.3422165,18.51724,17.932,uu,18.35,18.350000381469727,336.9915,-73.84534
4FGL J0017.1-4605,SwFS1 J001708.5-460611,SwXF4 J001708.5-460612,SwUVF4 J001708.5-460612,1.71547,3.428467208333132E-13,2.4241457E-12,2.8010092,0.7361713,4.1221323,18.922,uu,19.34,19.34,320.38864,-69.86521
4FGL J0025.4-4838,SwFS1 J002536.8-483808,SwXF4 J002536.8-483808,SwUVF4 J002536.9-483810,2.33027,4.961351535855702E-13,2.0461885E-12,2.120224,1.3044256,10.134406,19.372,uu,19.79,19.790000915527344,314.39056,-67.90782
4FGL J0026.1-0732,SwFS1 J002611.9-073115,SwXF4 J002611.9-073115,SwUVF4 J002611.6-073115,2.13363,4.47095192463043E-12,1.7000845E-12,2.0678716,0.0763394,1.2542979,19.422,uu,19.84,19.84000015258789,104.761604,-69.51759
4FGL J0031.0-2327,SwFS1 J003040.1-232820,SwXF4 J003040.1-232821,SwUVF4 J003039.8-232822,0.396657,3.574374062644811E-13,1.9005806E-12,2.1938756,2.8907936,5.5634604,20.325,m2,21.16,21.15999984741211,70.318275,-84.105675
4FGL J0031.0-2327,SwFS1 J003040.1-232820,SwXF4 J003040.1-232821,SwUVF4 J003040.1-232821,0.396657,3.574374062644811E-13,1.9005806E-12,2.1938756,2.8907936,5.5634604,21.392,uu,21.81,>21.81,70.318275,-84.105675
4FGL J0031.5-5648,SwFS1 J003135.1-564640,SwXF4 J003135.1-564640,SwUVF4 J003135.1-564640,2.42669,4.0355246088074724E-13,1.5435117E-12,1.9233072,1.1865219,11.675076,20.124,w1,20.82,20.82,308.3834,-60.11082
4FGL J0031.5-5648,SwFS1 J003135.1-564640,SwXF4 J003135.1-564640,SwUVF4 J003135.4-564642,2.42669,4.0355246088074724E-13,1.5435117E-12,1.9233072,1.1865219,11.675076,19.835,m2,20.67,20.670000076293945,308.3834,-60.11082
4FGL J0037.2-2653,SwFS1 J003729.6-265043,SwXF4 J003729.6-265043,SwUVF4 J003729.5-265045,1.63175,4.687054463018025E-13,1.3753644E-12,2.4598632,0.44429338,3.6452038,20.002,uu,20.42,20.420000076293945,36.389965,-86.83259
4FGL J0057.9+6326,SwFS1 J005758.1+632642,SwXF4 J005758.1+632642,SwUVF4 J005758.1+632642,2.04117,2.7854797143757417E-12,2.7091695E-12,1.6726426,2.0507538,11.416983,19.112,vv,19.13,19.13,123.66344,0.57604647
4FGL J0058.3-4603,SwFS1 J005806.4-460417,SwXF4 J005806.4-460417,SwUVF4 J005806.3-460419,1.62301,2.9977816715823877E-12,1.1373552E-12,2.098462,0.6387118,12.6100855,20.795,m2,21.63,21.6299991607666,299.2362,-71.02254
4FGL J0058.3-4603,SwFS1 J005806.4-460417,SwXF4 J005806.4-460417,SwUVF4 J005806.4-460418,1.62301,2.9977816715823877E-12,1.1373552E-12,2.098462,0.6387118,12.6100855,21.192,uu,21.61,21.61,299.2362,-71.02254
4FGL J0118.3-6008,SwFS1 J011823.10-600753,SwXF4 J011824.0-600753,SwUVF4 J011824.0-600753,2.48753,1.8063420831699772E-13,1.0995729E-12,2.1720219,2.329121,10.532985,19.342,uu,19.76,19.76,296.8381,-56.66605
4FGL J0120.2-7944,SwFS1 J011914.7-794509,SwXF4 J011914.7-794510,SwUVF4 J011914.7-794510,2.09092,4.795125740813498E-13,1.7515824E-12,2.3834817,1.3696637,15.386208,20.132,uu,20.55,20.55,301.32455,-37.297035
4FGL J0125.9-6303,SwFS1 J012548.3-630244,SwXF4 J012548.3-630244,SwUVF4 J012548.1-630245,1.95153,8.205404590022869E-13,1.662425E-12,2.321381,0.101563826,9.33095,19.942,uu,20.36,20.360000610351562,296.34128,-53.627823
4FGL J0126.3-6746,SwFS1 J012611.10-674746,SwXF4 J012612.0-674746,SwUVF4 J012612.0-674746,2.53691,4.1352331434760603E-13,8.096305E-13,1.737266,1.2218974,3.9982176,21.642,uu,22.06,>22.06,297.91083,-49.010098
4FGL J0126.3-6746,SwFS1 J012621.6-674638,SwXF4 J012621.6-674638,SwUVF4 J012621.6-674638,2.02429,1.551315029293406E-13,8.096305E-13,1.737266,1.2218974,3.9982176,20.562,uu,20.98,20.98,297.91083,-49.010098
4FGL J0137.3-3239,SwFS1 J013724.7-324046,SwXF4 J013724.7-324047,SwUVF4 J013724.7-324047,2.22578,7.201119202497902E-13,1.3067559E-12,2.252944,0.48446235,7.800496,21.562,uu,21.98,>21.98,244.7201,-78.62133
4FGL J0140.3+7054,SwFS1 J014008.6+705250,SwXF4 J014008.6+705250,SwUVF4 J014008.6+705250,1.99036,4.404534336784067E-13,2.5302217E-12,2.001321,1.444324,6.0017405,20.642,uu,21.06,>21.06,126.94713,8.414599
4FGL J0156.3-2420,SwFS1 J015624.4-242004,SwXF4 J015624.4-242004,SwUVF4 J015624.6-242003,2.50071,1.0389628049090377E-12,2.6455747E-12,1.863597,1.8109763,36.971207,18.178,bb,18.4,18.399999618530273,205.71896,-75.13678
4FGL J0159.0+3313,SwFS1 J015905.0+331254,SwXF4 J015905.0+331255,SwUVF4 J015905.0+331255,2.42794,5.951137709938E-13,2.2382432E-12,2.021613,0.8242024,23.067661,19.435,m2,20.27,20.27,138.85968,-27.553938
4FGL J0209.8+2626,SwFS1 J020946.5+262528,SwXF4 J020946.5+262528,SwUVF4 J020946.5+262528,1.96485,2.4922981780526187E-12,2.0571266E-12,2.2450566,0.5228105,7.1426497,20.992,uu,21.41,>21.41,143.97766,-33.213352
4FGL J0212.1+5321,SwFS1 J021210.7+532135,SwXF4 J021210.7+532136,SwUVF4 J021210.7+532136,1.08522,1.5509578669287228E-12,1.6221505E-11,2.2148967,11.080697,3.2356086,16.142,uu,16.56,16.56,134.92581,-7.630409
4FGL J0231.0+3505,SwFS1 J023112.4+350446,SwXF4 J023112.4+350446,SwUVF4 J023112.2+350445,1.73739,2.603754298938733E-12,1.0916776E-12,1.6851197,2.6112323,8.601274,20.395,m2,21.23,21.229999542236328,145.00188,-23.465021
4FGL J0231.0+3505,SwFS1 J023112.4+350446,SwXF4 J023112.4+350446,SwUVF4 J023112.4+350446,1.73739,2.603754298938733E-12,1.0916776E-12,1.6851197,2.6112323,8.601274,20.565,m2,21.4,21.4,145.00188,-23.465021
4FGL J0240.2-0248,SwFS1 J024004.6-024504,SwXF4 J024004.6-024505,SwUVF4 J024004.6-024505,1.81145,6.603892574785466E-13,2.6594592E-12,2.5547237,0.11904047,14.6912155,18.142,vv,18.16,18.16,174.55476,-54.390606
4FGL J0251.1-1830,SwFS1 J025111.4-183114,SwXF4 J025111.4-183114,SwUVF4 J025111.4-183114,1.98468,6.351846583394693E-13,1.9678393E-12,1.6237446,3.6969025,5.0589437,20.182,uu,20.6,20.6,201.90068,-61.187057
4FGL J0251.1-1830,SwFS1 J025111.4-183114,SwXF4 J025111.4-183114,SwUVF4 J025111.5-183113,1.98468,6.351846583394693E-13,1.9678393E-12,1.6237446,3.6969025,5.0589437,20.052,uu,20.47,20.469999313354492,201.90068,-61.187057
4FGL J0259.0+0552,SwFS1 J025857.4+055243,SwXF4 J025857.4+055243,SwUVF4 J025857.6+055244,1.94239,5.657180034775725E-13,7.7756065E-12,2.0966868,2.2822864,14.756552,18.702,uu,19.12,19.1200008392334,170.74869,-44.826824
4FGL J0301.6-5617,SwFS1 J030115.2-561647,SwXF4 J030115.2-561648,SwUVF4 J030115.1-561644,2.29475,2.702713431942821E-13,1.6227875E-12,1.9123611,1.6337589,20.93226,19.492,uu,19.91,19.90999984741211,273.40692,-52.710155
4FGL J0301.6-5617,SwFS1 J030115.2-561647,SwXF4 J030115.2-561648,SwUVF4 J030115.2-561648,2.29475,2.702713431942821E-13,1.6227875E-12,1.9123611,1.6337589,20.93226,19.732,uu,20.15,20.15,273.40692,-52.710155
4FGL J0302.5+3354,SwFS1 J030226.7+335447,SwXF4 J030226.7+335448,SwUVF4 J030226.7+335448,1.94346,7.950601750844187E-13,3.1996745E-12,2.3196275,0.6991621,4.872068,20.352,uu,20.77,20.77,151.80461,-21.519827
4FGL J0327.6+2620,SwFS1 J032737.2+262007,SwXF4 J032737.2+262008,SwUVF4 J032737.2+262008,2.10084,9.530155787081275E-13,1.4208961E-12,1.944023,0.61668974,3.5892177,20.122,uu,20.54,>20.54,161.34569,-24.651138
4FGL J0333.4-2705,SwFS1 J033331.5-270918,SwXF4 J033331.5-270918,SwUVF4 J033331.9-270916,2.11788,9.79489985408698E-13,1.5511966E-12,2.1028833,0.5285708,9.357061,19.295,m2,20.13,20.1299991607666,222.41309,-54.09932
4FGL J0341.9+3153,SwFS1 J034158.1+314852,SwXF4 J034158.1+314850,SwUVF4 J034158.1+314853,0.32771,1.7782794100389228E-12,8.939012E-12,2.466326,1.4852164,8.891197,21.142,uu,21.56,>21.56,160.21904,-18.36376
4FGL J0343.3-6303,SwFS1 J034323.9-630342,SwXF4 J034323.9-630342,SwUVF4 J034323.9-630342,3.36777,3.708514658756865E-13,2.319871E-12,2.047086,0.7258344,9.369053,20.532,uu,20.95,>20.95,277.24048,-44.547157
4FGL J0406.2+0639,SwFS1 J040607.7+063918,SwXF4 J040607.7+063919,SwUVF4 J040607.7+063919,2.06522,3.3113112148259076E-13,2.5802466E-12,2.350475,0.321922,14.844813,20.794,w1,21.49,>21.49,184.61214,-32.053356
4FGL J0407.7-5702,SwFS1 J040731.2-570021,SwXF4 J040731.2-570022,SwUVF4 J040731.2-570022,1.50245,8.77000821143634E-13,1.5738265E-12,2.4098535,1.4741267,3.3237832,21.652,uu,22.07,>22.07,267.7967,-44.4116
4FGL J0409.2+2542,SwFS1 J040921.6+254440,SwXF4 J040921.6+254440,SwUVF4 J040921.6+254440,2.1188,6.418004244839173E-13,2.6282362E-12,2.089314,1.130276,7.6557045,19.302,uu,19.72,19.72,169.287,-18.876911
4FGL J0409.2+2542,SwFS1 J040921.6+254440,SwXF4 J040921.6+254440,SwUVF4 J040921.7+254442,2.1188,6.418004244839173E-13,2.6282362E-12,2.089314,1.130276,7.6557045,19.382,uu,19.8,19.799999237060547,169.287,-18.876911
4FGL J0427.8-6704,SwFS1 J042749.5-670435,SwXF4 J042749.5-670435,SwUVF4 J042749.6-670435,-0.136079,1.531087461682032E-12,8.42512E-12,2.3930314,0.3225853,13.096762,18.142,uu,18.56,18.559999465942383,279.1443,-38.551704
4FGL J0502.2+3016,SwFS1 J050212.7+301934,SwXF4 J050212.7+301934,SwUVF4 J050212.7+301934,1.44177,2.7258377389285283E-12,1.8176645E-12,1.9625535,2.3829894,6.2745895,20.592,uu,21.01,>21.01,173.581,-7.0420437
4FGL J0523.3-2527,SwFS1 J052317.1-252736,SwXF4 J052317.1-252737,SwUVF4 J052316.9-252737,1.46273,5.356732999763006E-13,1.166911E-11,2.0781524,10.684414,1.6501024,17.408,bb,17.63,17.6299991607666,228.18494,-29.828896
4FGL J0523.3-2527,SwFS1 J052317.1-252736,SwXF4 J052317.1-252737,SwUVF4 J052317.1-252737,1.46273,5.356732999763006E-13,1.166911E-11,2.0781524,10.684414,1.6501024,16.862,vv,16.88,16.88,228.18494,-29.828896
4FGL J0523.3-2527,SwFS1 J052323.9-252736,SwXF4 J052323.9-252737,SwUVF4 J052323.9-252737,1.50028,4.6323354367795726E-14,1.166911E-11,2.0781524,10.684414,1.6501024,20.702,vv,20.72,20.72,228.18494,-29.828896
4FGL J0537.5+0959,SwFS1 J053745.9+095759,SwXF4 J053745.9+095759,SwUVF4 J053745.9+095759,1.95131,5.772979296482345E-13,5.1321083E-12,2.6236963,1.3044877,20.397532,20.752,uu,21.17,>21.17,195.31013,-11.466014
4FGL J0539.2-6333,SwFS1 J054002.9-633216,SwXF4 J054002.9-633216,SwUVF4 J054002.9-633216,2.08829,1.486962444868948E-13,1.6570903E-12,2.1483507,0.7246088,11.421976,18.442,uu,18.86,18.860000610351562,272.9448,-32.073387
4FGL J0540.7+3611,SwFS1 J054046.9+361657,SwXF4 J054046.9+361657,SwUVF4 J054046.9+361657,1.30926,1.38420368156874E-12,4.557815E-12,2.5459323,4.0997458,6.841215,20.632,uu,21.05,>21.05,173.27489,2.937252
4FGL J0544.8+5209,SwFS1 J054424.5+521513,SwXF4 J054424.5+521513,SwUVF4 J054424.5+521513,1.0257,5.202355186873047E-13,2.818422E-12,2.5523925,0.54986,7.5589457,20.862,uu,21.28,>21.28,159.82693,11.75569
4FGL J0544.8+5209,SwFS1 J054456.7+520846,SwXF4 J054456.7+520847,SwUVF4 J054456.7+520847,2.52957,2.789330656339977E-13,2.818422E-12,2.5523925,0.54986,7.5589457,20.872,uu,21.29,>21.29,159.82693,11.75569
4FGL J0553.9-5048,SwFS1 J055359.2-505150,SwXF4 J055359.2-505150,SwUVF4 J055359.2-505150,2.0089,6.131969697156818E-13,1.943408E-12,2.0935981,1.3341931,8.666767,21.112,uu,21.53,21.53,258.22327,-29.532024
4FGL J0554.2-0259,SwFS1 J055418.8-025841,SwXF4 J055418.8-025842,SwUVF4 J055418.8-025842,1.63357,5.900651969956652E-13,3.5731674E-12,2.4203305,0.46980482,5.8290906,21.242,uu,21.66,>21.66,209.02574,-14.076961
4FGL J0610.8-4911,SwFS1 J061031.8-491222,SwXF4 J061031.8-491222,SwUVF4 J061031.8-491222,2.58151,1.855239575549284E-13,1.4701875E-12,2.0096834,0.39947143,6.575917,13.652,uu,14.07,14.07,256.91864,-26.58731
4FGL J0610.8-4911,SwFS1 J061100.0-491034,SwXF4 J061100.0-491034,SwUVF4 J061100.0-491034,2.01256,2.1149494907076357E-12,1.4701875E-12,2.0096834,0.39947143,6.575917,20.782,uu,21.2,21.2,256.91864,-26.58731
4FGL J0610.8-4911,SwFS1 J061100.0-491034,SwXF4 J061100.0-491034,SwUVF4 J061100.1-491035,2.01256,2.1149494907076357E-12,1.4701875E-12,2.0096834,0.39947143,6.575917,20.705,m2,21.54,21.540000915527344,256.91864,-26.58731
4FGL J0611.5-2918,SwFS1 J061141.5-291623,SwXF4 J061141.5-291623,SwUVF4 J061141.5-291623,2.2589,3.138340056432412E-13,1.5623764E-12,2.3380368,1.2236887,6.3781424,21.412,uu,21.83,>21.83,236.06233,-20.94384
4FGL J0611.5-2918,SwFS1 J061141.5-291623,SwXF4 J061141.5-291623,SwUVF4 J061141.7-291619,2.2589,3.138340056432412E-13,1.5623764E-12,2.3380368,1.2236887,6.3781424,20.184,w1,20.88,20.8799991607666,236.06233,-20.94384
4FGL J0620.7-5034,SwFS1 J062045.7-503349,SwXF4 J062045.7-503350,SwUVF4 J062045.7-503350,2.37397,5.500472528676329E-13,9.223867E-13,1.759769,2.2314384,20.373922,19.932,uu,20.35,20.35,258.80237,-25.318722
4FGL J0622.5+3120,SwFS1 J062254.0+312036,SwXF4 J062254.0+312037,SwUVF4 J062254.0+312037,1.50391,1.1365799747501525E-12,2.5292526E-12,2.6037233,3.0463996,9.983871,20.342,uu,20.76,20.76,181.80165,8.147565
4FGL J0624.7-4903,SwFS1 J062419.5-490638,SwXF4 J062419.5-490639,SwUVF4 J062419.5-490639,2.04134,2.8366124193125146E-13,2.2866854E-12,2.617539,1.5001775,3.9458864,20.585,m2,21.42,21.42,257.34122,-24.33489
4FGL J0624.7-4903,SwFS1 J062419.5-490638,SwXF4 J062419.5-490639,SwUVF4 J062419.7-490636,2.04134,2.8366124193125146E-13,2.2866854E-12,2.617539,1.5001775,3.9458864,20.385,m2,21.22,21.219999313354492,257.34122,-24.33489
4FGL J0631.0+5626,SwFS1 J063048.3+562830,SwXF4 J063048.3+562831,SwUVF4 J063048.3+562831,2.44823,7.199461274408401E-13,1.6143274E-12,2.1120913,2.1724935,5.255654,19.762,uu,20.18,20.18,158.7006,19.648283
4FGL J0633.9+5840,SwFS1 J063400.1+584035,SwXF4 J063400.1+584036,SwUVF4 J063400.1+584036,2.40643,1.1830415557251657E-13,1.0620603E-12,1.900615,0.39479625,8.234299,21.972,uu,22.39,22.39,156.58951,20.744526
4FGL J0650.6+2055,SwFS1 J065035.4+205556,SwXF4 J065035.4+205557,SwUVF4 J065035.4+205557,2.16005,6.351846583394693E-12,5.9492064E-12,1.7403374,1.9551245,7.463195,17.052,vv,17.07,17.07,194.05469,9.203488
4FGL J0700.2-5118,SwFS1 J070033.8-512010,SwXF4 J070033.8-512011,SwUVF4 J070033.8-512011,1.85524,1.4534496779183142E-12,1.8736148E-12,2.1569202,1.6164565,1.2324591,19.52,w2,20.44,20.44,261.42136,-19.538681
4FGL J0704.3-4829,SwFS1 J070421.8-482645,SwXF4 J070421.8-482645,SwUVF4 J070421.8-482648,2.50699,9.997697679981572E-13,3.0570646E-12,2.0934184,1.6422153,13.089076,19.522,uu,19.94,19.940000534057617,258.85324,-17.953684
4FGL J0723.1-3048,SwFS1 J072310.8-304757,SwXF4 J072310.8-304758,SwUVF4 J072310.8-304758,1.69876,8.52903703070565E-12,3.2611355E-12,2.3437095,0.650875,3.6344411,20.872,uu,21.29,>21.29,243.86371,-7.36004
4FGL J0725.7-0549,SwFS1 J072547.5-054830,SwXF4 J072547.5-054830,SwUVF4 J072547.5-054830,2.37854,2.4797048987986943E-12,5.1692916E-12,1.8837858,2.124432,5.2407856,19.152,uu,19.57,19.57,222.05637,4.934131
4FGL J0737.4+6535,SwFS1 J073711.3+653348,SwXF4 J073711.3+653348,SwUVF4 J073711.3+653348,1.62809,7.888601176185548E-14,1.513751E-12,2.045497,1.4653345,16.090387,20.072,vv,20.09,20.09,150.58449,29.251331
4FGL J0738.6+1311,SwFS1 J073843.4+131330,SwXF4 J073843.4+131330,SwUVF4 J073843.4+131330,2.2853,2.914741201472481E-13,2.860333E-12,2.526779,0.7832967,10.485265,13.372,uu,13.79,13.79,206.21571,16.329153
4FGL J0738.6+1311,SwFS1 J073848.7+130755,SwXF4 J073848.7+130755,SwUVF4 J073848.7+130755,2.48055,1.8866876212189544E-13,2.860333E-12,2.526779,0.7832967,10.485265,21.012,uu,21.43,>21.43,206.21571,16.329153
4FGL J0755.9-0515,SwFS1 J075614.6-051720,SwXF4 J075614.6-051720,SwUVF4 J075614.6-051720,1.6742,2.4558396112487023E-12,4.386397E-12,2.8630686,0.1111852,1.6263102,20.452,uu,20.87,>20.87,225.1809,11.78536
4FGL J0800.1-5531,SwFS1 J075949.3-553253,SwXF4 J075949.3-553254,SwUVF4 J075949.3-553254,1.67479,2.6308737032146685E-13,2.9828035E-12,2.5432508,0.05063517,6.629519,18.384,w1,19.08,19.08,269.20282,-13.1252575
4FGL J0800.1-5531,SwFS1 J075949.3-553253,SwXF4 J075949.3-553254,SwUVF4 J075949.5-553255,1.67479,2.6308737032146685E-13,2.9828035E-12,2.5432508,0.05063517,6.629519,18.635,m2,19.47,19.469999313354492,269.20282,-13.1252575
4FGL J0800.1-5531,SwFS1 J080013.1-553407,SwXF4 J080013.1-553408,SwUVF4 J080013.1-553408,1.11548,2.9498504574842353E-13,2.9828035E-12,2.5432508,0.05063517,6.629519,19.854,w1,20.55,>20.55,269.20282,-13.1252575
4FGL J0800.9+0733,SwFS1 J080056.5+073235,SwXF4 J080056.5+073235,SwUVF4 J080056.5+073235,2.59453,5.236004365857495E-13,1.9905334E-12,1.8887815,2.8826876,3.7193747,18.542,vv,18.56,18.56,214.02026,18.860508
4FGL J0800.9+0733,SwFS1 J080056.5+073235,SwXF4 J080056.5+073235,SwUVF4 J080056.6+073235,2.59453,5.236004365857495E-13,1.9905334E-12,1.8887815,2.8826876,3.7193747,18.452,uu,18.87,18.8700008392334,214.02026,18.860508
4FGL J0827.0-4111,SwFS1 J082705.4-411158,SwXF4 J082705.4-411159,SwUVF4 J082705.4-411159,2.50736,1.1329219729705555E-12,3.5456085E-12,2.1202621,0.50795615,6.9032636,21.172,uu,21.59,>21.59,259.43716,-1.6513584
4FGL J0838.7-2827,SwFS1 J083843.4-282701,SwXF4 J083843.4-282701,SwUVF4 J083843.3-282701,1.6892,5.1156403000700425E-12,8.776489E-12,2.122518,6.4832973,5.8378134,17.404,w1,18.1,18.100000381469727,250.57239,7.809594
4FGL J0838.5+4013,SwFS1 J083902.8+401548,SwXF4 J083902.8+401548,SwUVF4 J083903.0+401546,2.28344,4.0225365599868257E-13,1.1374702E-12,1.7000096,0.20726086,3.5988238,20.38,w2,21.3,21.299999237060547,181.42084,36.907322
4FGL J0844.9-4117,SwFS1 J084439.9-411642,SwXF4 J084439.9-411642,SwUVF4 J084439.9-411642,6.51013,3.988411869090523E-11,1.4098545E-11,2.680662,3.2027717,6.33408,14.675,m2,15.51,15.51,261.5513,0.97270805
4FGL J0858.0-3130,SwFS1 J085802.9-313046,SwXF4 J085802.9-313046,SwUVF4 J085802.9-313046,2.47933,2.5745421119264565E-12,4.1524336E-12,1.8104843,0.831776,12.882447,18.322,vv,18.34,>18.34,255.60423,9.196126
4FGL J0859.2-4729,SwFS1 J085905.7-473040,SwXF4 J085905.7-473041,SwUVF4 J085905.7-473041,1.71991,3.920125762951643E-12,1.9704974E-11,2.5380507,3.8826063,6.9355955,19.862,uu,20.28,20.28,267.9374,-1.0268956
4FGL J0859.3-4342,SwFS1 J085926.2-434525,SwXF4 J085926.2-434526,SwUVF4 J085926.2-434526,1.05232,2.255796923386676E-12,2.4731217E-11,2.6361768,5.895665,3.2743478,20.552,uu,20.97,>20.97,265.09625,1.4603136
4FGL J0903.5+4057,SwFS1 J090342.8+405502,SwXF4 J090342.8+405503,SwUVF4 J090342.8+405503,1.88679,1.2342410879360521E-13,1.157147E-12,2.0352483,0.3198077,9.304244,19.292,vv,19.31,19.31,180.92274,41.709335
4FGL J0906.1-1011,SwFS1 J090616.2-101430,SwXF4 J090616.2-101430,SwUVF4 J090616.1-101426,1.70577,3.510750771848308E-13,1.7233397E-12,1.9787252,0.77164596,1.979342,20.125,m2,20.96,20.959999084472656,239.3205,23.89156
4FGL J0906.1-1011,SwFS1 J090616.2-101430,SwXF4 J090616.2-101430,SwUVF4 J090616.2-101430,1.70577,3.510750771848308E-13,1.7233397E-12,1.9787252,0.77164596,1.979342,20.432,uu,20.85,20.85,239.3205,23.89156
4FGL J0910.1-1816,SwFS1 J091003.9-181613,SwXF4 J091003.9-181613,SwUVF4 J091003.9-181613,2.29914,9.878704621711739E-13,1.8187702E-12,1.9549075,2.157429,8.849709,20.314,w1,21.01,21.010000228881836,246.85936,19.746801
4FGL J0914.5+6845,SwFS1 J091429.10+684509,SwXF4 J091430.0+684509,SwUVF4 J091429.7+684509,2.0241,6.15601968644897E-13,1.0298293E-12,1.8762853,1.4750483,6.0822716,20.042,uu,20.46,20.459999084472656,144.79068,37.850307
4FGL J0928.4-5256,SwFS1 J092818.7-525700,SwXF4 J092818.7-525701,SwUVF4 J092818.7-525701,3.15702,2.5941793621188125E-12,3.6711047E-12,1.9426394,0.0,10.905858,20.172,uu,20.59,>20.59,275.101,-1.4034246
4FGL J0930.9-3030,SwFS1 J093058.0-303118,SwXF4 J093058.0-303118,SwUVF4 J093057.9-303118,2.03406,4.558269515401937E-13,1.9587092E-12,1.778178,0.94959724,6.731659,19.945,m2,20.78,20.780000686645508,259.71167,15.074706
4FGL J0934.5+7223,SwFS1 J093334.0+722101,SwXF4 J093334.0+722101,SwUVF4 J093333.7+722101,1.55413,4.1677340679767126E-13,3.0473096E-12,2.987459,0.7766912,10.601892,19.152,uu,19.57,19.56999969482422,139.73366,37.62069
4FGL J0938.8+5155,SwFS1 J093835.0+515455,SwXF4 J093835.0+515455,SwUVF4 J093834.8+515453,0.731274,2.858248603672732E-13,1.2365264E-12,1.9753067,1.0704497,10.817615,20.305,m2,21.14,21.139999389648438,164.78171,46.4867
4FGL J0955.3-3949,SwFS1 J095527.3-394747,SwXF4 J095527.3-394747,SwUVF4 J095527.3-394747,0.903473,3.7739835253658615E-13,1.2880612E-11,2.4515903,6.57961,9.28191,21.492,uu,21.91,>21.91,269.93344,11.513521
4FGL J1008.2-1000,SwFS1 J100749.3-094910,SwXF4 J100749.3-094910,SwUVF4 J100749.4-094912,1.64342,3.169567463043487E-13,3.7320928E-12,3.1428208,1.0996722,8.922091,19.542,uu,19.96,19.959999084472656,250.49252,35.747246
4FGL J1008.2-1000,SwFS1 J100802.5-095918,SwXF4 J100802.5-095918,SwUVF4 J100802.5-095918,1.09879,1.6877184574248034E-12,3.7320928E-12,3.1428208,1.0996722,8.922091,19.302,uu,19.72,19.72,250.49252,35.747246
4FGL J1008.1-5706,SwFS1 J100829.1-571242,SwXF4 J100829.1-571242,SwUVF4 J100829.0-571242,3.9603,8.828765871653017E-12,4.003148E-11,2.7520726,3.325876,3.1935065,16.825,m2,17.66,17.65999984741211,282.1348,-0.97617835
4FGL J1008.1-5706,SwFS1 J100829.1-571242,SwXF4 J100829.1-571242,SwUVF4 J100829.1-571242,3.9603,8.828765871653017E-12,4.003148E-11,2.7520726,3.325876,3.1935065,20.212,uu,20.63,>20.63,282.1348,-0.97617835
4FGL J1008.2-1000,SwFS1 J100848.6-095450,SwXF4 J100848.6-095450,SwUVF4 J100848.6-095450,1.8803,1.6726304546595607E-11,3.7320928E-12,3.1428208,1.0996722,8.922091,15.162,uu,15.58,15.58,250.49252,35.747246
4FGL J1011.1-4420,SwFS1 J101124.5-441855,SwXF4 J101124.5-441856,SwUVF4 J101124.5-441856,1.78934,1.9138152020474287E-13,1.8889929E-12,2.0515158,0.31560186,5.421924,19.172,vv,19.19,>19.19,275.09564,9.692405
4FGL J1011.1-4420,SwFS1 J101132.0-442254,SwXF4 J101132.0-442255,SwUVF4 J101132.0-442255,1.70579,1.1122438165659876E-11,1.8889929E-12,2.0515158,0.31560186,5.421924,18.212,vv,18.23,18.23,275.09564,9.692405
4FGL J1015.5-6030,SwFS1 J101545.8-602938,SwXF4 J101545.8-602939,SwUVF4 J101545.8-602939,3.22762,3.662688627587841E-12,1.8510759E-11,2.7935088,2.356857,4.760824,20.782,uu,21.2,21.2,284.8662,-3.2181122
4FGL J1016.1-4247,SwFS1 J101620.8-424723,SwXF4 J101620.8-424723,SwUVF4 J101620.7-424723,2.5405,1.071025965966071E-12,4.0051716E-12,1.8083638,2.786797,9.642838,18.572,uu,18.99,18.989999771118164,274.9322,11.488272
4FGL J1016.2-5729,SwFS1 J101625.7-572806,SwXF4 J101625.7-572807,SwUVF4 J101625.7-572807,1.34598,5.855985598492877E-12,1.3710878E-11,2.5079262,1.3281316,9.655028,18.392,uu,18.81,18.81,283.25348,-0.68280596
4FGL J1018.1-2705,SwFS1 J101750.2-270550,SwXF4 J101750.2-270550,SwUVF4 J101750.2-270550,1.61458,1.7446165981330133E-12,3.365813E-12,2.5203717,2.2683144,7.0198107,18.802,uu,19.22,19.22,265.6098,24.457577
4FGL J1018.1-4051,SwFS1 J101801.5-405520,SwXF4 J101801.5-405520,SwUVF4 J101801.4-405519,2.00081,2.5392180698867145E-13,2.745799E-12,2.530992,1.6327405,9.923786,19.385,m2,20.22,20.219999313354492,274.12558,13.289148
4FGL J1018.1-4051,SwFS1 J101807.6-404407,SwXF4 J101807.6-404408,SwUVF4 J101807.6-404408,2.07297,2.2110573124506392E-13,2.745799E-12,2.530992,1.6327405,9.923786,21.022,uu,21.44,21.44,274.12558,13.289148
4FGL J1024.5-5329,SwFS1 J102428.3-532805,SwXF4 J102428.3-532806,SwUVF4 J102428.3-532806,2.30179,3.990249023621429E-12,1.4196158E-12,1.7436507,3.2382772,9.881056,21.22,w2,22.14,22.14,282.05533,3.313429
4FGL J1024.5-4543,SwFS1 J102432.6-454428,SwXF4 J102432.6-454428,SwUVF4 J102432.5-454428,2.41115,3.1893339801331815E-12,2.7958794E-12,1.8894291,0.95827967,8.161395,20.244,w1,20.94,20.940000534057617,277.87323,9.875003
4FGL J1024.5-4543,SwFS1 J102432.6-454428,SwXF4 J102432.6-454428,SwUVF4 J102432.6-454428,2.41115,3.1893339801331815E-12,2.7958794E-12,1.8894291,0.95827967,8.161395,19.332,uu,19.75,19.75,277.87323,9.875003
4FGL J1034.7-4645,SwFS1 J103438.7-464404,SwXF4 J103438.7-464405,SwUVF4 J103438.7-464405,2.03489,3.27265330575372E-12,1.852857E-12,2.125096,0.5195869,9.922329,21.314,w1,22.01,22.01,279.9387,9.928071
4FGL J1047.2+6740,SwFS1 J104705.6+673805,SwXF4 J104705.6+673806,SwUVF4 J104705.6+673806,2.01751,4.621681360922442E-13,9.284302E-13,1.9606525,0.5296021,17.728653,21.344,w1,22.04,>22.04,139.11755,45.355637
4FGL J1048.4-5030,SwFS1 J104824.2-502941,SwXF4 J104824.2-502941,SwUVF4 J104824.2-502941,3.02068,2.9977816715823875E-13,1.4920411E-12,1.6639758,1.2662772,5.9122186,18.928,bb,19.15,19.15,283.77615,7.726619
4FGL J1049.8+2741,SwFS1 J104938.8+274217,SwXF4 J104938.8+274217,SwUVF4 J104938.8+274213,2.59782,3.442706503894436E-13,1.7029378E-12,1.9965559,0.6520733,11.340181,18.648,bb,18.87,18.8700008392334,204.64984,63.07313
4FGL J1058.4-6625,SwFS1 J105833.1-662607,SwXF4 J105833.1-662607,SwUVF4 J105833.1-662607,1.77319,8.220533433757716E-13,4.655332E-12,1.9265342,1.759437,8.912971,21.382,uu,21.8,>21.80,291.96155,-5.994655
4FGL J1106.7+3623,SwFS1 J110636.7+362648,SwXF4 J110636.7+362648,SwUVF4 J110636.5+362650,1.06154,3.1462990561619905E-13,2.215875E-12,2.787654,0.6087264,30.295359,19.312,uu,19.73,19.729999542236328,183.69153,65.99282
4FGL J1111.4+0137,SwFS1 J111114.2+013430,SwXF4 J111114.2+013431,SwUVF4 J111114.2+013431,1.91605,2.176205983185727E-12,1.6687976E-12,2.283623,0.29299694,2.7528803,20.512,uu,20.93,20.93,255.47101,55.00294
4FGL J1114.6+1225,SwFS1 J111436.7+122718,SwXF4 J111436.7+122718,SwUVF4 J111436.7+122718,2.54182,2.2803420720004207E-13,1.648487E-12,2.296968,2.1962276,6.5527387,21.062,uu,21.48,>21.48,241.15257,62.982784
4FGL J1119.9-1007,SwFS1 J111948.2-100704,SwXF4 J111948.2-100704,SwUVF4 J111948.4-100707,1.88398,4.1734959846531693E-13,2.0301347E-12,2.1874707,1.8276588,18.563337,19.522,uu,19.94,19.940000534057617,269.06296,46.638348
4FGL J1120.0-2204,SwFS1 J111959.2-220456,SwXF4 J111959.2-220456,SwUVF4 J111959.2-220456,1.85858,7.764258747121103E-14,1.631286E-11,2.1728075,14.26362,5.241279,19.992,vv,20.01,20.01,276.49228,36.05591
4FGL J1122.0-0231,SwFS1 J112213.8-022916,SwXF4 J112213.8-022916,SwUVF4 J112213.7-022914,2.40925,1.0050785394907375E-12,2.555289E-12,2.441371,1.5968504,4.7535596,18.722,uu,19.14,19.139999389648438,263.40033,53.34739
4FGL J1123.8-4552,SwFS1 J112355.5-455019,SwXF4 J112355.5-455019,SwUVF4 J112355.5-455019,1.2053,5.213147344399814E-13,4.5582357E-12,2.210231,0.80883056,8.2892475,19.014,w1,19.71,19.71,287.38257,14.338709
4FGL J1126.0-5007,SwFS1 J112624.9-500807,SwXF4 J112624.9-500808,SwUVF4 J112624.9-500808,1.66544,1.4537843856076606E-12,1.4953159E-12,2.131738,4.5760064,5.9815917,18.292,vv,18.31,18.31,289.20303,10.462621
4FGL J1146.0-0638,SwFS1 J114600.8-063850,SwXF4 J114600.8-063851,SwUVF4 J114600.8-063851,2.13082,9.8878074362693E-13,3.445835E-12,1.7490185,1.4392067,5.10544,19.702,uu,20.12,20.12,275.43552,52.705055
4FGL J1146.0-0638,SwFS1 J114600.8-063850,SwXF4 J114600.8-063851,SwUVF4 J114600.9-063855,2.13082,9.8878074362693E-13,3.445835E-12,1.7490185,1.4392067,5.10544,19.482,uu,19.9,19.899999618530273,275.43552,52.705055
4FGL J1155.2-1111,SwFS1 J115514.7-111125,SwXF4 J115514.7-111125,SwUVF4 J115514.7-111125,1.80114,5.117996682024601E-13,1.7859461E-12,1.923659,1.42175,9.120256,21.142,uu,21.56,>21.56,281.51202,49.33286
4FGL J1155.2-1111,SwFS1 J115514.7-111125,SwXF4 J115514.7-111125,SwUVF4 J115514.8-111123,1.80114,5.117996682024601E-13,1.7859461E-12,1.923659,1.42175,9.120256,20.144,w1,20.84,20.84000015258789,281.51202,49.33286
4FGL J1220.1-2458,SwFS1 J122014.5-245949,SwXF4 J122014.5-245949,SwUVF4 J122014.5-245949,1.91842,2.8674773755813132E-12,2.6092659E-12,1.8821644,0.7859219,8.773532,19.862,uu,20.28,20.280000686645508,294.01416,37.35705
4FGL J1224.6+7011,SwFS1 J122457.2+700729,SwXF4 J122457.2+700729,SwUVF4 J122457.2+700729,2.07048,3.3790918743772336E-13,3.884305E-12,3.0066102,1.0032617,9.71817,16.062,uu,16.48,16.48,126.23276,46.759975
4FGL J1239.7-3455,SwFS1 J123934.1-345429,SwXF4 J123934.1-345429,SwUVF4 J123934.1-345429,1.72205,8.681604556119929E-13,2.4648656E-12,2.670217,0.0,10.3723755,21.522,uu,21.94,>21.94,300.21637,27.883093
4FGL J1243.7+1727,SwFS1 J124351.6+172643,SwXF4 J124351.6+172643,SwUVF4 J124351.8+172645,2.86232,1.1455129414455338E-13,1.1943681E-12,1.8691648,1.0110282,1.5012115,19.722,uu,20.14,20.139999389648438,292.09222,80.16694
4FGL J1250.9-4943,SwFS1 J125058.5-494443,SwXF4 J125058.5-494444,SwUVF4 J125058.5-494444,2.34602,2.956650565082946E-13,5.9792176E-12,2.109055,2.06577,20.976889,21.98,w2,22.9,22.9,302.84363,13.151358
4FGL J1256.8+5329,SwFS1 J125630.4+533203,SwXF4 J125630.4+533203,SwUVF4 J125630.5+533205,1.66341,2.8281341110474693E-13,4.5072743E-12,2.6380432,0.88080144,5.014545,19.192,uu,19.61,19.610000610351562,121.12844,63.62399
4FGL J1304.4+1203,SwFS1 J130442.8+120440,SwXF4 J130442.8+120440,SwUVF4 J130442.8+120440,1.42579,1.237656137985592E-13,1.9747873E-12,2.265371,5.883602,3.5570443,21.432,uu,21.85,>21.85,315.02512,74.62675
4FGL J1306.8-4035,SwFS1 J130655.8-403518,SwXF4 J130655.8-403519,SwUVF4 J130655.8-403519,0.976791,3.4371619861753427E-13,8.469926E-12,2.4546723,3.38717,7.272052,21.422,uu,21.84,>21.84,306.08945,22.177368
4FGL J1312.6-6231,SwFS1 J131230.7-623429,SwXF4 J131230.7-623430,SwUVF4 J131230.7-623430,1.14353,1.1256412505761078E-12,9.410844E-12,2.4335387,3.5352492,2.1625671,17.572,uu,17.99,17.99,305.3724,0.24322052
4FGL J1320.3-6410,SwFS1 J132016.9-641353,SwXF4 J132016.9-641353,SwUVF4 J132015.9-641349,8.19014,9.909688428410833E-10,5.7775546E-12,2.6005056,3.7408442,14.059712,17.932,uu,18.35,18.350000381469727,306.0755,-1.4774823
4FGL J1320.3-6410,SwFS1 J132016.9-641353,SwXF4 J132016.9-641353,SwUVF4 J132016.9-641353,8.19014,9.909688428410833E-10,5.7775546E-12,2.6005056,3.7408442,14.059712,18.662,uu,19.08,19.08,306.0755,-1.4774823
4FGL J1326.0+3507,SwFS1 J132544.4+350450,SwXF4 J132544.4+350450,SwUVF4 J132544.4+350450,1.31052,3.0521087222420105E-13,1.0860151E-12,2.2373443,1.3279991,27.192875,19.782,uu,20.2,20.2,82.31492,79.11867
4FGL J1326.0+3507,SwFS1 J132544.4+350450,SwXF4 J132544.4+350450,SwUVF4 J132544.5+350447,1.31052,3.0521087222420105E-13,1.0860151E-12,2.2373443,1.3279991,27.192875,19.545,m2,20.38,20.3799991607666,82.31492,79.11867
4FGL J1326.0+3507,SwFS1 J132622.3+350627,SwXF4 J132622.3+350628,SwUVF4 J132622.2+350625,1.98232,1.3822926539061348E-13,1.0860151E-12,2.2373443,1.3279991,27.192875,19.512,uu,19.93,19.93000030517578,82.31492,79.11867
4FGL J1326.0+3507,SwFS1 J132622.3+350627,SwXF4 J132622.3+350628,SwUVF4 J132622.3+350628,1.98232,1.3822926539061348E-13,1.0860151E-12,2.2373443,1.3279991,27.192875,19.612,uu,20.03,20.03,82.31492,79.11867
4FGL J1357.3-6123,SwFS1 J135657.9-612312,SwXF4 J135657.9-612313,SwUVF4 J135657.2-612315,3.63353,7.286181745132289E-12,1.7111685E-11,2.6199186,5.371835,7.876722,18.86,w2,19.78,19.780000686645508,310.73535,0.47756577
4FGL J1357.3-6123,SwFS1 J135657.9-612312,SwXF4 J135657.9-612313,SwUVF4 J135657.9-612313,3.63353,7.286181745132289E-12,1.7111685E-11,2.6199186,5.371835,7.876722,20.745,m2,21.58,>21.58,310.73535,0.47756577
4FGL J1401.7-3217,SwFS1 J140200.0-321844,SwXF4 J140200.0-321844,SwUVF4 J140159.5-321845,2.26435,3.070435650730062E-13,2.4590852E-12,2.1365044,1.3146766,27.08389,19.775,m2,20.61,20.610000610351562,319.79147,28.270546
4FGL J1401.7-3217,SwFS1 J140200.0-321844,SwXF4 J140200.0-321844,SwUVF4 J140200.0-321844,2.26435,3.070435650730062E-13,2.4590852E-12,2.1365044,1.3146766,27.08389,20.522,uu,20.94,20.94,319.79147,28.270546
4FGL J1410.7+7405,SwFS1 J141044.9+740511,SwXF4 J141044.9+740511,SwUVF4 J141046.0+740511,2.30138,1.4832009671818773E-13,3.8049824E-12,1.860342,4.145211,9.173158,18.742,uu,19.16,19.15999984741211,115.75397,41.9148
4FGL J1415.9-1504,SwFS1 J141546.1-150228,SwXF4 J141546.1-150229,SwUVF4 J141546.1-150229,2.48453,5.91834121113182E-13,2.1043404E-12,2.1171026,1.4619523,11.094222,19.504,w1,20.2,20.2,331.39285,43.081535
4FGL J1415.9-1504,SwFS1 J141546.1-150228,SwXF4 J141546.1-150229,SwUVF4 J141546.2-150229,2.48453,5.91834121113182E-13,2.1043404E-12,2.1171026,1.4619523,11.094222,19.585,m2,20.42,20.420000076293945,331.39285,43.081535
4FGL J1429.8-0739,SwFS1 J142949.7-073302,SwXF4 J142949.7-073302,SwUVF4 J142949.5-073305,1.86863,7.186211583804586E-13,1.1146947E-12,2.3110187,3.0403116,3.3205013,17.582,uu,18.0,18,340.85236,47.846813
4FGL J1441.4-1934,SwFS1 J144127.7-193548,SwXF4 J144127.7-193549,SwUVF4 J144127.7-193549,2.26459,8.609937521846017E-13,2.0349473E-12,1.7985146,3.2709358,3.7590237,19.672,uu,20.09,20.09,335.55966,36.23165
4FGL J1513.0-3118,SwFS1 J151244.8-311648,SwXF4 J151244.8-311647,SwUVF4 J151244.8-311647,3.00557,1.3228177080099325E-12,3.161765E-12,2.3726013,2.1142917,5.5141826,15.002,uu,15.42,15.42,335.3334,22.515461
4FGL J1514.8+4448,SwFS1 J151450.10+444957,SwXF4 J151451.0+444957,SwUVF4 J151451.0+444957,1.41663,1.4608310795054222E-13,7.422218E-12,2.3630903,3.426511,56.339252,19.222,vv,19.24,>19.24,74.22781,56.416077
4FGL J1514.8+4448,SwFS1 J151450.10+444957,SwXF4 J151451.0+444957,SwUVF4 J151451.2+444955,1.41663,1.4608310795054222E-13,7.422218E-12,2.3630903,3.426511,56.339252,20.452,uu,20.87,20.8700008392334,74.22781,56.416077
4FGL J1528.4+2004,SwFS1 J152835.10+200423,SwXF4 J152836.0+200424,SwUVF4 J152835.8+200421,1.94408,8.386871712481649E-13,1.2468397E-12,2.016115,0.2779958,7.8840747,20.75,w2,21.67,21.670000076293945,30.415138,53.4925
4FGL J1528.4+2004,SwFS1 J152835.10+200423,SwXF4 J152836.0+200424,SwUVF4 J152836.0+200424,1.94408,8.386871712481649E-13,1.2468397E-12,2.016115,0.2779958,7.8840747,20.802,uu,21.22,21.22,30.415138,53.4925
4FGL J1545.0-6642,SwFS1 J154459.0-664147,SwXF4 J154459.0-664148,SwUVF4 J154458.9-664147,2.10735,9.7185170294017E-12,4.219953E-12,1.7383816,0.17763342,2.7812486,19.155,m2,19.99,19.989999771118164,318.91748,-9.381414
4FGL J1545.0-6642,SwFS1 J154459.0-664147,SwXF4 J154459.0-664148,SwUVF4 J154459.0-664148,2.10735,9.7185170294017E-12,4.219953E-12,1.7383816,0.17763342,2.7812486,18.372,uu,18.79,18.79,318.91748,-9.381414
4FGL J1557.2+3822,SwFS1 J155711.9+382032,SwXF4 J155711.9+382032,SwUVF4 J155711.9+382032,2.27171,2.8840315031266116E-13,8.820994E-13,1.9545276,1.5090661,8.285812,21.452,uu,21.87,>21.87,61.258816,49.79609
4FGL J1619.4-5106,SwFS1 J161935.6-510613,SwXF4 J161935.6-510613,SwUVF4 J161935.6-510613,2.45007,8.933054837332963E-13,2.530171E-11,2.3307898,2.117839,1.7070713,20.394,w1,21.09,21.09,332.5897,-0.61530745
4FGL J1623.7-2315,SwFS1 J162334.1-231749,SwXF4 J162334.1-231750,SwUVF4 J162334.1-231750,1.1346,1.8849507176986645E-12,4.726046E-12,2.368065,0.7898477,7.7190037,18.572,uu,18.99,18.99,353.5376,18.13641
4FGL J1627.7+3219,SwFS1 J162742.10+322102,SwXF4 J162743.0+322102,SwUVF4 J162743.0+322104,2.38742,3.3907830225192685E-13,3.3613214E-12,2.152022,6.601011,6.9831862,17.422,uu,17.84,17.84000015258789,52.983753,43.236767
4FGL J1631.8+4144,SwFS1 J163146.7+414634,SwXF4 J163146.7+414634,SwUVF4 J163146.7+414633,2.44874,4.2766134747972753E-13,1.3552086E-12,1.7807935,0.7883537,11.285393,19.312,uu,19.73,19.729999542236328,65.97261,43.12388
4FGL J1637.5+3005,SwFS1 J163728.2+300957,SwXF4 J163728.2+300958,SwUVF4 J163728.1+300953,1.91968,1.1295357994976863E-13,2.1102508E-12,2.7058086,0.5406128,7.800891,20.445,m2,21.28,21.280000686645508,50.50551,40.785038
4FGL J1637.5+3005,SwFS1 J163728.2+300957,SwXF4 J163728.2+300958,SwUVF4 J163728.2+300958,1.91968,1.1295357994976863E-13,2.1102508E-12,2.7058086,0.5406128,7.800891,19.802,uu,20.22,>20.22,50.50551,40.785038
4FGL J1637.5+3005,SwFS1 J163738.4+300512,SwXF4 J163738.4+300513,SwUVF4 J163738.4+300513,1.99608,2.0825718799130114E-13,2.1102508E-12,2.7058086,0.5406128,7.800891,19.802,uu,20.22,>20.22,50.50551,40.785038
4FGL J1637.5+3005,SwFS1 J163739.3+301015,SwXF4 J163739.3+301015,SwUVF4 J163739.2+301013,0.70854,1.2413664394960395E-12,2.1102508E-12,2.7058086,0.5406128,7.800891,20.895,m2,21.73,21.729999542236328,50.50551,40.785038
4FGL J1637.5+3005,SwFS1 J163739.3+301015,SwXF4 J163739.3+301015,SwUVF4 J163739.3+301015,0.70854,1.2413664394960395E-12,2.1102508E-12,2.7058086,0.5406128,7.800891,19.692,uu,20.11,20.11,50.50551,40.785038
4FGL J1639.8-4642,SwFS1 J163946.2-464058,SwXF4 J163946.2-464058,SwUVF4 J163946.2-464058,8.7303,3.2780079310552765E-10,5.8057528E-11,2.5076334,3.8297079,3.1355786,17.462,uu,17.88,17.88,338.07608,-0.024206404
4FGL J1644.8+1850,SwFS1 J164457.3+185149,SwXF4 J164457.3+185149,SwUVF4 J164457.2+185150,2.26477,3.1267992563761185E-13,2.4370924E-12,1.9937022,2.3664415,9.122613,19.342,uu,19.76,19.760000228881836,37.253548,36.10579
4FGL J1645.0+1654,SwFS1 J164500.0+165510,SwXF4 J164500.0+165510,SwUVF4 J164459.8+165513,2.34261,7.251034976171987E-13,2.1970516E-12,2.2133803,0.7565396,8.371717,19.572,uu,19.99,19.989999771118164,35.057186,35.357185
4FGL J1645.8-4533,SwFS1 J164547.7-453647,SwXF4 J164547.7-453647,SwUVF4 J164547.7-453647,-1.53348,5.468018811604215E-10,4.3199055E-11,2.5636814,5.0409017,1.301289,22.642,uu,23.06,>23.06,339.6346,-0.045276653
4FGL J1649.2-4513,SwFS1 J164849.4-451147,SwXF4 J164849.4-451148,SwUVF4 J164849.4-451148,1.02778,4.9750792135144027E-14,3.0672357E-11,2.6449673,4.708923,1.444781,21.122,vv,21.14,>21.14,340.27917,-0.29197544
4FGL J1649.2-4513,SwFS1 J164855.7-450959,SwXF4 J164855.7-450959,SwUVF4 J164855.7-450959,1.26836,1.0609624171364943E-13,3.0672357E-11,2.6449673,4.708923,1.444781,20.352,uu,20.77,20.77,340.27917,-0.29197544
4FGL J1649.2-4513,SwFS1 J164855.7-450959,SwXF4 J164855.7-450959,SwUVF4 J164856.3-450958,1.26836,1.0609624171364943E-13,3.0672357E-11,2.6449673,4.708923,1.444781,18.322,uu,18.74,18.739999771118164,340.27917,-0.29197544
4FGL J1649.2-4513,SwFS1 J164857.2-451217,SwXF4 J164857.2-451217,SwUVF4 J164857.2-451217,10.0,1.1569111321315511E-9,3.0672357E-11,2.6449673,4.708923,1.444781,22.392,uu,22.81,>22.81,340.27917,-0.29197544
4FGL J1649.2-4513,SwFS1 J164858.1-451727,SwXF4 J164858.1-451728,SwUVF4 J164858.1-451728,10.0,1.6007739196012066E-9,3.0672357E-11,2.6449673,4.708923,1.444781,20.905,m2,21.74,>21.74,340.27917,-0.29197544
4FGL J1648.7+4834,SwFS1 J164900.4+483417,SwXF4 J164900.4+483417,SwUVF4 J164900.4+483412,2.27876,4.694615193825908E-13,1.2804693E-12,2.1406202,1.002091,8.529193,19.602,uu,20.02,20.020000457763672,74.97876,39.960766
4FGL J1650.9-4420,SwFS1 J165124.2-442141,SwXF4 J165124.2-442142,SwUVF4 J165124.2-442142,10.0,4.032273670374512E-8,2.5566134E-11,2.5909271,4.1767273,4.964977,20.225,m2,21.06,21.06,341.1548,0.038772736
4FGL J1651.7-7241,SwFS1 J165151.5-724309,SwXF4 J165151.5-724310,SwUVF4 J165151.5-724310,1.17095,1.0534162172541903E-12,1.3384074E-12,2.0433109,0.39695024,2.0321743,20.642,uu,21.06,21.06,318.62735,-17.656084
4FGL J1700.2-4237,SwFS1 J165955.9-423022,SwXF4 J165955.9-423023,SwUVF4 J165955.9-423023,1.57907,6.248848563929624E-13,2.5449936E-11,2.7380888,4.2635245,5.150907,19.912,uu,20.33,>20.33,343.5388,-0.1971766
4FGL J1701.3-4924,SwFS1 J170136.3-492402,SwXF4 J170136.3-492402,SwUVF4 J170136.3-492402,1.54956,6.66960324824356E-13,6.244573E-12,2.478193,2.5111635,5.5499477,20.482,uu,20.9,>20.90,338.2998,-4.509959
4FGL J1706.5-4023,SwFS1 J170633.3-402543,SwXF4 J170633.3-402544,SwUVF4 J170633.3-402544,9.02544,3.472242112130988E-9,2.8703696E-11,2.554276,2.8518305,13.112033,18.484,w1,19.18,19.18,346.039,0.23102646
4FGL J1719.1-5348,SwFS1 J171856.6-535041,SwXF4 J171856.6-535042,SwUVF4 J171856.6-535042,1.75864,6.04226822049881E-12,3.670463E-12,2.1620514,0.124370255,6.114913,19.462,vv,19.48,>19.48,336.33395,-9.321285
4FGL J1720.6-5144,SwFS1 J172032.7-514413,SwXF4 J172032.7-514413,SwUVF4 J172032.7-514413,1.86711,7.266077069393996E-12,2.8737162E-12,2.16391,1.4703794,7.024316,19.702,uu,20.12,20.12,338.19254,-8.362254
4FGL J1729.2-3641,SwFS1 J172916.6-364005,SwXF4 J172916.6-364006,SwUVF4 J172916.6-364006,-0.122428,8.279421637123328E-13,2.722981E-11,2.4693131,2.2407038,11.203772,21.182,uu,21.6,21.6,351.61423,-1.2562553
4FGL J1733.4+2235,SwFS1 J173330.6+223615,SwXF4 J173330.6+223615,SwUVF4 J173330.3+223612,1.93693,2.617580218703808E-13,1.2586311E-12,2.1600227,4.0570188,4.6136246,19.415,m2,20.25,20.25,45.955902,26.698637
4FGL J1733.4+2235,SwFS1 J173330.6+223615,SwXF4 J173330.6+223615,SwUVF4 J173330.6+223615,1.93693,2.617580218703808E-13,1.2586311E-12,2.1600227,4.0570188,4.6136246,19.512,uu,19.93,19.93,45.955902,26.698637
4FGL J1734.0-2933,SwFS1 J173410.10-293117,SwXF4 J173411.0-293117,SwUVF4 J173411.0-293117,2.0572,8.361804317558856E-13,7.7477755E-12,2.3895938,3.7355225,4.9942765,20.914,w1,21.61,>21.61,358.13757,1.8106344
4FGL J1750.8-3106,SwFS1 J175052.3-310254,SwXF4 J175052.3-310255,SwUVF4 J175052.3-310255,1.45209,3.9710010326389107E-13,3.5508705E-12,2.379513,3.7570956,5.8222337,19.402,vv,19.42,>19.42,358.7269,-2.0991044
4FGL J1752.0+3606,SwFS1 J175209.6+360632,SwXF4 J175209.6+360632,SwUVF4 J175209.8+360628,1.75566,6.332861644521983E-13,1.2524796E-12,1.9534965,1.948296,10.883837,19.552,uu,19.97,19.969999313354492,61.784954,26.932354
4FGL J1808.5-3701,SwFS1 J180822.8-370420,SwXF4 J180822.8-370421,SwUVF4 J180822.8-370421,0.567477,8.28705077906983E-15,4.2900392E-12,2.3853266,4.0525675,8.878064,21.672,vv,21.69,>21.69,355.34348,-8.180953
4FGL J1808.5-3701,SwFS1 J180827.6-365842,SwXF4 J180827.6-365842,SwUVF4 J180827.6-365842,1.53932,1.3022668935779798E-11,4.2900392E-12,2.3853266,4.0525675,8.878064,19.492,vv,19.51,19.51,355.34348,-8.180953
4FGL J1808.5-3701,SwFS1 J180827.6-365842,SwXF4 J180827.6-365842,SwUVF4 J180827.6-365843,1.53932,1.3022668935779798E-11,4.2900392E-12,2.3853266,4.0525675,8.878064,18.545,m2,19.38,19.3799991607666,355.34348,-8.180953
4FGL J1808.5-3701,SwFS1 J180834.9-370211,SwXF4 J180834.9-370211,SwUVF4 J180834.9-370211,0.00920499,1.9111729942272025E-14,4.2900392E-12,2.3853266,4.0525675,8.878064,18.152,vv,18.17,18.17,355.34348,-8.180953
4FGL J1808.5-3701,SwFS1 J180841.8-370219,SwXF4 J180841.8-370220,SwUVF4 J180841.8-370220,1.45967,3.953666200681275E-14,4.2900392E-12,2.3853266,4.0525675,8.878064,20.222,vv,20.24,20.24,355.34348,-8.180953
4FGL J1817.2-3035,SwFS1 J181720.4-303257,SwXF4 J181720.4-303257,SwUVF4 J181720.4-303257,1.8001,1.932413220381038E-12,8.980735E-12,2.255948,1.31662,9.394234,21.754,w1,22.45,>22.45,1.9475327,-6.780869
4FGL J1818.5+2533,SwFS1 J181830.9+253707,SwXF4 J181830.9+253707,SwUVF4 J181831.2+253707,1.24837,2.376293061927623E-13,4.3218237E-12,2.6705408,1.7889534,9.961317,16.992,uu,17.41,17.40999984741211,52.942707,18.143698
4FGL J1820.4-1609,SwFS1 J182029.6-161043,SwXF4 J182029.6-161044,SwUVF4 J182029.6-161044,1.93738,8.38687171248165E-12,5.5682677E-11,2.6068604,0.77967995,10.374939,16.658,bb,16.88,16.88,15.069911,-0.65812624
4FGL J1836.8-2354,SwFS1 J183644.10-235200,SwXF4 J183645.0-235200,SwUVF4 J183645.0-235200,1.43127,4.04948691518634E-14,4.1330698E-12,2.4994638,4.119483,9.1185465,17.912,uu,18.33,18.33,9.936137,-7.6437984
4FGL J1836.8-2354,SwFS1 J183654.2-235255,SwXF4 J183654.2-235255,SwUVF4 J183654.2-235255,1.36335,3.7204887872008775E-14,4.1330698E-12,2.4994638,4.119483,9.1185465,19.132,uu,19.55,19.55,9.936137,-7.6437984
4FGL J1836.8-2354,SwFS1 J183659.4-235831,SwXF4 J183659.4-235831,SwUVF4 J183659.4-235831,1.4643,1.7774606706429605E-14,4.1330698E-12,2.4994638,4.119483,9.1185465,21.832,uu,22.25,>22.25,9.936137,-7.6437984
4FGL J1836.9+4439,SwFS1 J183703.6+443812,SwXF4 J183703.6+443812,SwUVF4 J183703.6+443812,0.775498,7.368854816494472E-13,1.1662317E-12,1.8188076,1.5852853,8.624505,21.184,w1,21.88,>21.88,73.3764,21.130173
4FGL J1838.2+3223,SwFS1 J183816.10+322415,SwXF4 J183817.0+322416,SwUVF4 J183817.0+322416,0.290532,7.136742051224748E-13,3.424811E-12,2.3750656,2.3470433,2.533305,21.302,uu,21.72,21.72,61.279366,16.705627
4FGL J1844.4-0306,SwFS1 J184441.7-030535,SwXF4 J184441.7-030536,SwUVF4 J184441.7-030536,1.84626,4.691373388345975E-13,5.474956E-11,2.6041164,6.5230923,5.7181563,20.672,uu,21.09,21.09,29.365255,0.12646636
4FGL J1846.9-0227,SwFS1 J184650.7-022903,SwXF4 J184650.7-022904,SwUVF4 J184650.7-022904,7.90113,1.0799906609258494E-9,3.3899685E-11,2.4712024,5.2379255,6.8913984,13.962,uu,14.38,14.38,30.234589,-0.11349406
4FGL J1846.9-0227,SwFS1 J184651.6-022506,SwXF4 J184651.6-022507,SwUVF4 J184651.6-022507,4.12334,2.4082412998278295E-12,3.3899685E-11,2.4712024,5.2379255,6.8913984,21.232,uu,21.65,21.65,30.234589,-0.11349406
4FGL J1848.7-6307,SwFS1 J184838.3-630543,SwXF4 J184838.3-630544,SwUVF4 J184838.3-630544,1.83838,3.2344467085144705E-13,1.0564149E-12,1.954741,0.27363774,5.3990846,20.062,uu,20.48,>20.48,332.5113,-23.700737
4FGL J1856.1-1222,SwFS1 J185606.7-122148,SwXF4 J185606.7-122149,SwUVF4 J185606.7-122149,1.92052,1.634556737197564E-12,6.500918E-12,2.1841228,1.1743497,10.503306,20.742,uu,21.16,>21.16,22.396849,-6.633879
4FGL J1904.7-0708,SwFS1 J190444.5-070742,SwXF4 J190444.5-070743,SwUVF4 J190444.5-070743,2.22664,5.895219770654917E-13,1.3083681E-11,2.4646788,6.850799,16.995361,20.362,uu,20.78,20.78,28.069603,-6.200763
4FGL J1910.8+2856,SwFS1 J191052.2+285624,SwXF4 J191052.2+285624,SwUVF4 J191052.2+285624,2.27066,3.3822055666965363E-12,4.0316847E-12,1.8322247,1.3896129,19.17795,20.6,w2,21.52,21.52,60.97564,8.901663
4FGL J1910.8+2856,SwFS1 J191059.4+285635,SwXF4 J191059.4+285635,SwUVF4 J191059.4+285635,1.48256,3.845917820453543E-13,4.0316847E-12,1.8322247,1.3896129,19.17795,19.64,w2,20.56,20.56,60.97564,8.901663
4FGL J1910.8+2856,SwFS1 J191059.4+285635,SwXF4 J191059.4+285635,SwUVF4 J191059.4+285639,1.48256,3.845917820453543E-13,4.0316847E-12,1.8322247,1.3896129,19.17795,19.39,w2,20.31,20.309999465942383,60.97564,8.901663
4FGL J1918.0+0331,SwFS1 J191803.6+033030,SwXF4 J191803.6+033030,SwUVF4 J191803.6+033030,2.45953,1.230552083281887E-12,3.605849E-12,1.788553,1.3816961,14.446025,21.084,w1,21.78,>21.78,39.113323,-4.294759
4FGL J1927.5+0154,SwFS1 J192731.3+015356,SwXF4 J192731.3+015357,SwUVF4 J192731.3+015357,2.35099,1.381020101444547E-12,3.1886817E-12,1.887057,1.163012,16.831171,19.782,uu,20.2,20.2,38.771572,-7.138582
4FGL J1948.9+3414,SwFS1 J194916.8+341049,SwXF4 J194916.8+341050,SwUVF4 J194916.7+341050,1.39677,1.5230003389847913E-12,2.537628E-12,2.282389,4.3870716,11.414325,19.68,w2,20.6,20.600000381469727,69.51043,4.243934
4FGL J1948.9+3414,SwFS1 J194916.8+341049,SwXF4 J194916.8+341050,SwUVF4 J194916.8+341050,1.39677,1.5230003389847913E-12,2.537628E-12,2.282389,4.3870716,11.414325,18.882,uu,19.3,19.3,69.51043,4.243934
4FGL J1955.3-5032,SwFS1 J195512.5-503011,SwXF4 J195512.5-503012,SwUVF4 J195512.5-503012,2.13723,1.0464054670474268E-12,2.5779337E-12,2.4703767,1.2182086,13.027528,20.332,uu,20.75,20.75,348.10245,-30.511244
4FGL J1955.3-5032,SwFS1 J195512.5-503011,SwXF4 J195512.5-503012,SwUVF4 J195512.6-503008,2.13723,1.0464054670474268E-12,2.5779337E-12,2.4703767,1.2182086,13.027528,20.27,w2,21.19,21.190000534057617,348.10245,-30.511244
4FGL J2008.4+1619,SwFS1 J200827.6+161843,SwXF4 J200827.6+161844,SwUVF4 J200827.6+161844,2.08195,1.4712958161780394E-12,2.4858245E-12,2.09883,1.7319572,8.760076,20.492,uu,20.91,>20.91,56.454803,-8.827298
4FGL J2012.1-5234,SwFS1 J201213.8-523246,SwXF4 J201213.8-523246,SwUVF4 J201213.7-523251,1.80052,1.3791134690235992E-12,1.7893818E-12,1.8028088,2.2584121,2.9350617,19.065,m2,19.9,19.899999618530273,345.96164,-33.27728
4FGL J2012.1-5234,SwFS1 J201213.8-523246,SwXF4 J201213.8-523246,SwUVF4 J201213.8-523246,1.80052,1.3791134690235992E-12,1.7893818E-12,1.8028088,2.2584121,2.9350617,19.602,uu,20.02,20.02,345.96164,-33.27728
4FGL J2021.9+3609,SwFS1 J202201.1+361105,SwXF4 J202201.1+361106,SwUVF4 J202201.1+361106,1.98005,6.740622411390057E-13,2.1735073E-12,1.5736389,2.7981892,6.090724,20.772,uu,21.19,>21.19,74.74949,-0.42512813
4FGL J2027.0+3343,SwFS1 J202658.7+334302,SwXF4 J202658.7+334303,SwUVF4 J202658.7+334303,1.55714,1.1023004888112E-11,3.1363664E-12,1.7656738,1.041612,2.9594622,19.942,uu,20.36,>20.36,73.36234,-2.6871195
4FGL J2029.5-4237,SwFS1 J202913.7-423533,SwXF4 J202913.7-423533,SwUVF4 J202913.7-423533,0.0689343,1.6368165214278101E-12,2.2701032E-12,2.4682896,5.652694,3.647126,21.252,uu,21.67,>21.67,358.23254,-35.488316
4FGL J2030.5+2235,SwFS1 J203031.2+223435,SwXF4 J203031.2+223435,SwUVF4 J203031.2+223435,2.09642,3.7931498497368245E-13,1.795448E-12,1.7838628,2.4493475,9.272747,21.112,uu,21.53,21.53,64.663345,-9.738138
4FGL J2039.5-5617,SwFS1 J203934.3-561705,SwXF4 J203934.3-561706,SwUVF4 J203934.3-561706,1.32503,1.0029978451983329E-13,1.492776E-11,2.1693761,8.582195,13.124539,22.332,uu,22.75,>22.75,341.26794,-37.146523
4FGL J2041.1-6138,SwFS1 J204111.10-613952,SwXF4 J204112.0-613952,SwUVF4 J204112.0-613949,2.16863,4.568777411858183E-13,2.6097937E-12,2.210916,0.865547,7.300617,18.982,uu,19.4,19.399999618530273,334.60904,-36.58385
4FGL J2046.9-5409,SwFS1 J204700.5-541246,SwXF4 J204700.5-541246,SwUVF4 J204700.7-541245,1.8455,4.154320512418604E-13,1.6902032E-12,2.0135913,1.0718695,9.840222,20.084,w1,20.78,20.780000686645508,343.79407,-38.404987
4FGL J2054.2+6904,SwFS1 J205357.8+690518,SwXF4 J205357.8+690519,SwUVF4 J205357.8+690519,0.426129,2.2724796352708468E-13,4.1317444E-12,2.3836496,4.4040375,3.775213,20.622,vv,20.64,>20.64,104.37174,15.2846985
4FGL J2056.4+4351,SwFS1 J205551.3+435225,SwXF4 J205551.3+435220,SwUVF4 J205551.3+435225,2.59241,1.8184442878428963E-11,1.43629796E-11,2.6445582,3.546149,2.768939,21.045,m2,21.88,>21.88,84.86855,-0.97714764
4FGL J2058.5-1833,SwFS1 J205836.5-183101,SwXF4 J205836.5-183102,SwUVF4 J205836.5-183102,1.16607,2.4049164887444035E-13,8.040118E-13,1.2488985,0.5929789,7.64018,19.512,vv,19.53,>19.53,28.98174,-36.13015
4FGL J2105.9+7508,SwFS1 J210606.8+750924,SwXF4 J210606.8+750924,SwUVF4 J210606.8+750924,2.01672,4.127622774083497E-13,3.767521E-12,2.2214017,1.261737,2.4730692,21.492,uu,21.91,21.91,109.935036,18.324501
4FGL J2109.6+3954,SwFS1 J210936.4+395513,SwXF4 J210936.4+395513,SwUVF4 J210936.4+395513,3.2884,1.4021678337057611E-12,3.8155585E-12,1.6089301,3.225552,11.901577,21.162,uu,21.58,>21.58,83.543015,-5.43103
4FGL J2114.9-3326,SwFS1 J211452.0-332532,SwXF4 J211452.0-332532,SwUVF4 J211452.1-332533,2.23849,2.027682719521284E-12,3.3012787E-12,2.2480276,0.61173433,8.916551,19.302,uu,19.72,19.719999313354492,11.356277,-43.348854
4FGL J2159.6-4620,SwFS1 J215935.9-461954,SwXF4 J215935.9-461954,SwUVF4 J215936.1-461953,2.71932,4.570881896148751E-13,2.8787487E-12,1.6826057,0.7953223,13.8186455,18.822,uu,19.24,19.239999771118164,351.6276,-51.228443
4FGL J2207.1+2222,SwFS1 J220704.3+222234,SwXF4 J220704.3+222234,SwUVF4 J220704.1+222232,2.52454,3.574374062644811E-13,1.2740829E-12,1.8678194,0.063233204,14.477006,19.955,m2,20.79,20.790000915527344,80.15954,-26.545006
4FGL J2207.1+2222,SwFS1 J220704.3+222234,SwXF4 J220704.3+222234,SwUVF4 J220704.3+222234,2.52454,3.574374062644811E-13,1.2740829E-12,1.8678194,0.063233204,14.477006,19.912,uu,20.33,20.33,80.15954,-26.545006
4FGL J2222.9+1507,SwFS1 J222253.9+151052,SwXF4 J222253.9+151052,SwUVF4 J222253.9+151055,2.24383,2.64606190285294E-13,1.2235966E-12,1.906189,1.8596132,6.4598765,18.882,uu,19.3,19.299999237060547,77.955734,-34.471878
4FGL J2225.8-0804,SwFS1 J222552.9-080415,SwXF4 J222552.9-080416,SwUVF4 J222552.9-080416,1.82773,3.7609711325976946E-13,2.1272808E-12,1.98536,0.80161643,11.395939,20.562,uu,20.98,>20.98,55.01867,-50.66223
4FGL J2237.2-6726,SwFS1 J223709.3-672614,SwXF4 J223709.3-672614,SwUVF4 J223709.3-672614,1.90216,9.693932693002545E-13,1.9150827E-12,1.9882276,0.6586425,10.897586,20.322,uu,20.74,20.74,320.34912,-44.883194
4FGL J2237.2-6726,SwFS1 J223709.3-672614,SwXF4 J223709.3-672614,SwUVF4 J223709.7-672613,1.90216,9.693932693002545E-13,1.9150827E-12,1.9882276,0.6586425,10.897586,19.935,m2,20.77,20.770000457763672,320.34912,-44.883194
4FGL J2240.3-5241,SwFS1 J224017.5-524117,SwXF4 J224017.5-524117,SwUVF4 J224017.7-524113,1.83783,1.9710607052410365E-13,5.8124287E-12,2.067221,1.0928316,15.185348,18.542,uu,18.96,18.959999084472656,337.54544,-54.713173
4FGL J2247.7-5857,SwFS1 J224744.10-585500,SwXF4 J224745.0-585501,SwUVF4 J224745.0-585501,2.60823,4.94083100910655E-13,2.083453E-12,2.5676029,0.5283037,6.065149,20.602,uu,21.02,21.02,328.228,-51.66281
4FGL J2247.7-5857,SwFS1 J224744.10-585500,SwXF4 J224745.0-585501,SwUVF4 J224745.2-585457,2.60823,4.94083100910655E-13,2.083453E-12,2.5676029,0.5283037,6.065149,20.624,w1,21.32,21.31999969482422,328.228,-51.66281
4FGL J2303.9+5554,SwFS1 J230351.7+555618,SwXF4 J230351.7+555618,SwUVF4 J230351.7+555618,1.93468,3.139062769137661E-12,2.2486921E-12,1.7817214,1.6205468,9.080039,20.762,uu,21.18,>21.18,108.22852,-3.859776
4FGL J2311.6-4427,SwFS1 J231145.6-443220,SwXF4 J231145.6-443221,SwUVF4 J231145.6-443221,2.75634,1.8888610014730071E-13,1.4628567E-12,2.235706,1.3069295,8.925854,19.332,uu,19.75,19.75,345.44882,-63.559444
4FGL J2317.7+2839,SwFS1 J231740.0+283954,SwXF4 J231740.0+283954,SwUVF4 J231740.0+283954,2.29742,1.1542503103646725E-13,3.3494683E-12,1.9615299,0.64496803,20.834366,19.442,vv,19.46,>19.46,99.21594,-29.862541
4FGL J2317.7+2839,SwFS1 J231740.0+283954,SwXF4 J231740.0+283954,SwUVF4 J231740.2+283956,2.29742,1.1542503103646725E-13,3.3494683E-12,1.9615299,0.64496803,20.834366,20.715,m2,21.55,21.549999237060547,99.21594,-29.862541
4FGL J2326.9-4130,SwFS1 J232653.2-412713,SwXF4 J232653.2-412713,SwUVF4 J232653.1-412711,1.99613,3.63663739330848E-13,2.8266708E-12,2.7262363,0.61495197,10.508086,17.245,m2,18.08,18.079999923706055,347.77838,-67.50159
4FGL J2331.6+4430,SwFS1 J233129.6+443101,SwXF4 J233129.6+443101,SwUVF4 J233129.6+443101,2.04209,3.2255219376890765E-13,1.2366052E-12,1.9781712,0.42605335,11.810697,21.302,uu,21.72,21.72,108.25911,-16.071558
4FGL J2336.9-8427,SwFS1 J233627.1-842648,SwXF4 J233627.1-842648,SwUVF4 J233627.1-842648,2.02037,7.843321188819633E-13,1.7724983E-12,2.0062788,0.0,7.997817,20.062,uu,20.48,20.48,305.02292,-32.360863
4FGL J2336.9-8427,SwFS1 J233627.1-842648,SwXF4 J233627.1-842648,SwUVF4 J233627.3-842652,2.02037,7.843321188819633E-13,1.7724983E-12,2.0062788,0.0,7.997817,19.982,uu,20.4,20.399999618530273,305.02292,-32.360863
4FGL J2337.7-2903,SwFS1 J233730.2-290240,SwXF4 J233730.2-290241,SwUVF4 J233730.2-290241,2.42416,8.677607449911458E-13,1.1961869E-12,2.1512256,1.8234617,3.202486,19.972,uu,20.39,20.39,21.832333,-73.64514
4FGL J2347.9-5106,SwFS1 J234804.2-510748,SwXF4 J234804.2-510748,SwUVF4 J234804.2-510748,0.730415,2.869458843075009E-13,8.234871E-12,2.5268548,0.41692963,59.611027,22.292,uu,22.71,>22.71,325.27686,-63.17333
4FGL J2351.4-2818,SwFS1 J235136.5-282154,SwXF4 J235136.5-282154,SwUVF4 J235136.5-282154,2.27271,3.011618803078821E-13,1.6084828E-12,2.3737726,1.0424315,1.8228848,16.662,uu,17.08,17.08,24.36291,-76.68557
4FGL J2351.4-2818,SwFS1 J235138.1-281823,SwXF4 J235138.1-281823,SwUVF4 J235138.1-281823,2.05867,3.614930899173572E-13,1.6084828E-12,2.3737726,1.0424315,1.8228848,21.462,uu,21.88,>21.88,24.36291,-76.68557